audit_key,company_id,company_name,enumeration_status,error,final_acceptance_met,final_url,http_status,job_link_candidate_count,observed_at,official_entry_url,official_entry_verified,page_title,text_length,verified_at,current_openings_observed,evidence,restriction_reason,acceptance_gap,channels_audited,public_pages_observed,job_records_captured_this_batch,current_application_indicator,latest_published_date_observed,salary_observation,public_social_pages_observed,social_pages_structured,social_unique_records,candidate_raw_records,review_pending_stale_records,inactive_expired_records,duplicate_records_deduplicated,headquarters_openings_observed,overseas_special_openings_observed,overseas_special_records_structured,page_4_access_status,social_records_observed,social_detail_records_normalized,campus_records_observed_latest,campus_pages_observed_latest,campus_full_listing_pages_captured,campus_page_1_detail_records_captured,campus_unique_records_captured,campus_page_5_status,duplicate_job_code_skipped,job_records_normalized_total,review_pending_records,internship_openings_observed,application_indicator,public_features_observed,unfiltered_recruitment_announcement_count,unfiltered_job_search_count,unfiltered_company_announcement_count,verification_method,latest_recruitment_item,latest_recruitment_item_published
9ea69dbc67f0c16c720a,cn-fin-0001,中国工商银行股份有限公司,fetch_failed,SSLError,False,,,0,2026-07-13T12:03:00.001545+00:00,https://job.icbc.com.cn/,False,,0,,,,,,,,,,,,,,,,,,,,,,,,,,,,,,,,,,,,,,,,,,
5b10fba10e70ae6ad4ce,cn-fin-0002,中国建设银行股份有限公司,fetch_failed,SSLError,False,,,0,2026-07-13T12:03:00.880667+00:00,https://job.ccb.com/,False,,0,,,,,,,,,,,,,,,,,,,,,,,,,,,,,,,,,,,,,,,,,,
6b255eb1aa97e78a8bb3,cn-fin-0003,中国农业银行股份有限公司,fetch_failed,SSLError,False,,,0,2026-07-13T12:03:01.664338+00:00,https://career.abchina.com/,False,,0,,,,,,,,,,,,,,,,,,,,,,,,,,,,,,,,,,,,,,,,,,
2573ffc5d4b7f89b2f1c,cn-fin-0004,中国银行股份有限公司,no_links_observed,,False,https://www.boc.cn/aboutboc/bi4/,200,0,2026-07-13T12:03:03.543968+00:00,https://www.boc.cn/aboutboc/bi4/,True,ä¸­å½é¶è¡ç½ç«_å³äºä¸­è¡_æèå¬å,3862,,,,,,,,,,,,,,,,,,,,,,,,,,,,,,,,,,,,,,,,,,
447e4306955bd8314d20,cn-fin-0005,交通银行股份有限公司,fetch_failed,SSLError,False,,,0,2026-07-13T12:03:05.378231+00:00,https://job.bankcomm.com/,False,,0,,,,,,,,,,,,,,,,,,,,,,,,,,,,,,,,,,,,,,,,,,
c1e4c7afbb6ed525633f,cn-fin-0006,招商银行股份有限公司,pending_dynamic_js,,False,https://career.cmbchina.com/,200,0,2026-07-13T12:03:07.305895+00:00,https://career.cmbchina.com/,True,æåé¶è¡æè,65,,,,,,,,,,,,,,,,,,,,,,,,,,,,,,,,,,,,,,,,,,
0f0caa97bf94ab558338,cn-fin-0007,中国平安保险（集团）股份有限公司,no_links_observed,,False,https://talent.pingan.com/,200,0,2026-07-13T12:03:08.775160+00:00,https://talent.pingan.com/,True,ä¸­å½å¹³å®,12,,,,,,,,,,,,,,,,,,,,,,,,,,,,,,,,,,,,,,,,,,
a129221cdd46e954c1ac,cn-fin-0008,中国人民保险集团股份有限公司,restricted,,False,https://picc.zhiye.com/,403,0,2026-07-13T12:03:09.673495+00:00,https://picc.zhiye.com/,False,æ¨çè®¿é®è¯·æ±å¯è½å¯¹ç½ç«é æå®å¨å¨èï¼è¯·æ±å·²è¢«é»æ­ã,284,,,,,,,,,,,,,,,,,,,,,,,,,,,,,,,,,,,,,,,,,,
72a6fe5693736a3ad680,cn-fin-0009,中国中信集团有限公司,fetch_failed,ConnectionError,False,,,0,2026-07-13T12:03:11.135808+00:00,https://job.citic.com/recruit,False,,0,,,,,,,,,,,,,,,,,,,,,,,,,,,,,,,,,,,,,,,,,,
63f1e3630b2398c1491d,cn-fin-0010,中国人寿保险（集团）公司,fetch_failed,SSLError,False,,,0,2026-07-13T12:03:12.113508+00:00,https://www.chinalife.com.cn/chinalife/zhaopin/,False,,0,,,,,,,,,,,,,,,,,,,,,,,,,,,,,,,,,,,,,,,,,,
502746f5cfb810dfaffe,cn-soe-0013,中国船舶集团有限公司,restricted,,False,https://cssc.zhiye.com/,403,0,2026-07-13T12:27:35.556795+00:00,https://cssc.zhiye.com/,False,æ¨çè®¿é®è¯·æ±å¯è½å¯¹ç½ç«é æå®å¨å¨èï¼è¯·æ±å·²è¢«é»æ­ã,284,,,,,,,,,,,,,,,,,,,,,,,,,,,,,,,,,,,,,,,,,,
efd45876bc8f81b3d72f,cn-soe-0014,国家电网有限公司,no_links_observed,,False,https://zhaopin.sgcc.com.cn/,405,0,2026-07-13T12:27:38.217748+00:00,https://zhaopin.sgcc.com.cn/,False,405,182,,,,,,,,,,,,,,,,,,,,,,,,,,,,,,,,,,,,,,,,,,
fdc5142f4b7779826f53,cn-soe-0015,中国航空工业集团有限公司,no_links_observed,,False,https://www.avic.com.cn/sycd/rczp/,405,0,2026-07-13T12:36:38.156541+00:00,https://www.avic.com.cn/sycd/rczp/,False,å¾æ±æ­ï¼æ¨çè®¿é®è¢«é»æ­,180,,,,,,,,,,,,,,,,,,,,,,,,,,,,,,,,,,,,,,,,,,
d536a8a675eda46c61cf,cn-soe-0016,中国电子科技集团有限公司,no_links_observed,,False,https://www.cetc.com.cn/zgdk/1593022/1592495/index.html,200,0,2026-07-13T12:36:40.429055+00:00,https://www.cetc.com.cn/zgdk/1593022/1592495/index.html,True,æèåå¬å-ä¸­å½çµå­ç§æéå¢æéå¬å¸,8022,,,,,,,,,,,,,,,,,,,,,,,,,,,,,,,,,,,,,,,,,,
951d2f3340fbad17e523,cn-soe-0017,中国石油天然气集团有限公司,pending_dynamic_js,,False,https://zhaopin.cnpc.com.cn/,412,0,2026-07-13T12:53:37.694336+00:00,https://zhaopin.cnpc.com.cn/,False,,0,,,,,,,,,,,,,,,,,,,,,,,,,,,,,,,,,,,,,,,,,,
b18367165a9707ce007a,cn-soe-0018,中国石油化工集团有限公司,pending_dynamic_js,,False,https://job.sinopec.com/,200,0,2026-07-13T12:53:38.978703+00:00,https://job.sinopec.com/,True,ä¸­å½ç³åæèç½ç«,24,,,,,,,,,,,,,,,,,,,,,,,,,,,,,,,,,,,,,,,,,,
05882916b26923f0c0a9,cn-soe-0019,中国海洋石油集团有限公司,restricted,,False,https://cnooc.zhiye.com/,403,0,2026-07-13T12:53:40.013741+00:00,https://cnooc.zhiye.com/,False,æ¨çè®¿é®è¯·æ±å¯è½å¯¹ç½ç«é æå®å¨å¨èï¼è¯·æ±å·²è¢«é»æ­ã,284,,,,,,,,,,,,,,,,,,,,,,,,,,,,,,,,,,,,,,,,,,
ceb4bb0f713aee855266,cn-soe-0020,国家能源投资集团有限责任公司,pending_dynamic_js,,False,https://zhaopin.chnenergy.com.cn/,200,1,2026-07-13T12:53:41.825824+00:00,https://zhaopin.chnenergy.com.cn/,True,登录,85,,,,,,,,,,,,,,,,,,,,,,,,,,,,,,,,,,,,,,,,,,
4c97af37839849ff7398,cn-soe-0021,中国南方电网有限责任公司,fetch_failed,ConnectionError,False,,,0,2026-07-13T12:54:57.273458+00:00,https://zhaopin.csg.cn/,False,,0,,,,,,,,,,,,,,,,,,,,,,,,,,,,,,,,,,,,,,,,,,
a1ce5b51dc91043feaa5,cn-soe-0022,中国华能集团有限公司,restricted,,False,https://chng.zhiye.com/,403,0,2026-07-13T12:54:58.290544+00:00,https://chng.zhiye.com/,False,æ¨çè®¿é®è¯·æ±å¯è½å¯¹ç½ç«é æå®å¨å¨èï¼è¯·æ±å·²è¢«é»æ­ã,284,,,,,,,,,,,,,,,,,,,,,,,,,,,,,,,,,,,,,,,,,,
683776b23dad18c8ac94,cn-soe-0023,中国大唐集团有限公司,restricted,,False,https://cdt.zhiye.com/,403,0,2026-07-13T12:54:59.326886+00:00,https://cdt.zhiye.com/,False,æ¨çè®¿é®è¯·æ±å¯è½å¯¹ç½ç«é æå®å¨å¨èï¼è¯·æ±å·²è¢«é»æ­ã,284,,,,,,,,,,,,,,,,,,,,,,,,,,,,,,,,,,,,,,,,,,
570f346540901aaaf644,cn-soe-0024,中国华电集团有限公司,restricted,,False,https://chd.zhiye.com/,403,0,2026-07-13T12:55:00.457031+00:00,https://chd.zhiye.com/,False,æ¨çè®¿é®è¯·æ±å¯è½å¯¹ç½ç«é æå®å¨å¨èï¼è¯·æ±å·²è¢«é»æ­ã,284,,,,,,,,,,,,,,,,,,,,,,,,,,,,,,,,,,,,,,,,,,
7dd227a0253d4e01ab45,cn-soe-0025,国家电力投资集团有限公司,restricted,,False,https://spic.zhiye.com/,403,0,2026-07-13T12:55:01.715619+00:00,https://spic.zhiye.com/,False,æ¨çè®¿é®è¯·æ±å¯è½å¯¹ç½ç«é æå®å¨å¨èï¼è¯·æ±å·²è¢«é»æ­ã,284,,,,,,,,,,,,,,,,,,,,,,,,,,,,,,,,,,,,,,,,,,
54243f08bad09df8fbab,cn-soe-0026,中国长江三峡集团有限公司,restricted,,False,https://ctg.zhiye.com/,403,0,2026-07-13T12:55:02.827179+00:00,https://ctg.zhiye.com/,False,æ¨çè®¿é®è¯·æ±å¯è½å¯¹ç½ç«é æå®å¨å¨èï¼è¯·æ±å·²è¢«é»æ­ã,284,,,,,,,,,,,,,,,,,,,,,,,,,,,,,,,,,,,,,,,,,,
b66e1bcc0b2506ee5ffa,cn-soe-0027,中国移动通信集团有限公司,fetch_failed,SSLError,False,,,0,2026-07-13T13:37:44.717525+00:00,https://job.10086.cn/,False,,0,,,,,,,,,,,,,,,,,,,,,,,,,,,,,,,,,,,,,,,,,,
16c518b95589764b710d,cn-soe-0028,中国电信集团有限公司,pending_dynamic_js,,False,https://job.chinatelecom.com.cn/,412,0,2026-07-13T13:37:47.542218+00:00,https://job.chinatelecom.com.cn/,False,Title,5,,,,,,,,,,,,,,,,,,,,,,,,,,,,,,,,,,,,,,,,,,
f2fc3cc60521ec06890f,cn-soe-0029,中国联合网络通信集团有限公司,restricted,,False,https://chinaunicom.zhaopin.com/,403,0,2026-07-13T13:37:48.176265+00:00,https://chinaunicom.zhaopin.com/,False,403 Forbidden,33,,,,,,,,,,,,,,,,,,,,,,,,,,,,,,,,,,,,,,,,,,
892fffb981db6b90b469,cn-soe-0030,中国邮政集团有限公司,restricted,,False,https://chinapost.zhaopin.com/,403,0,2026-07-13T13:37:48.808286+00:00,https://chinapost.zhaopin.com/,False,403 Forbidden,33,,,,,,,,,,,,,,,,,,,,,,,,,,,,,,,,,,,,,,,,,,
b142cd14189bc2b8cacc,cn-soe-0031,中国建筑集团有限公司,restricted,,False,https://cscec.zhiye.com/,403,0,2026-07-13T13:37:49.766609+00:00,https://cscec.zhiye.com/,False,æ¨çè®¿é®è¯·æ±å¯è½å¯¹ç½ç«é æå®å¨å¨èï¼è¯·æ±å·²è¢«é»æ­ã,284,,,,,,,,,,,,,,,,,,,,,,,,,,,,,,,,,,,,,,,,,,
03825b0b256531c939f7,cn-soe-0032,中国中铁股份有限公司,restricted,,False,https://crec.zhiye.com/,403,0,2026-07-13T13:37:50.920324+00:00,https://crec.zhiye.com/,False,æ¨çè®¿é®è¯·æ±å¯è½å¯¹ç½ç«é æå®å¨å¨èï¼è¯·æ±å·²è¢«é»æ­ã,284,,,,,,,,,,,,,,,,,,,,,,,,,,,,,,,,,,,,,,,,,,
befb9e5090379395cc79,cn-soe-0033,中国铁建股份有限公司,no_links_observed,,False,https://crcc.zhiye.com/404?errorpath=%2f,200,0,2026-07-13T13:37:52.292803+00:00,https://crcc.zhiye.com/,True,Not Found,87,,,,,,,,,,,,,,,,,,,,,,,,,,,,,,,,,,,,,,,,,,
827f2fe4d0e471a4aab8,cn-soe-0034,中国交通建设集团有限公司,restricted,,False,https://cccc.zhiye.com/,403,0,2026-07-13T13:37:53.339534+00:00,https://cccc.zhiye.com/,False,æ¨çè®¿é®è¯·æ±å¯è½å¯¹ç½ç«é æå®å¨å¨èï¼è¯·æ±å·²è¢«é»æ­ã,284,,,,,,,,,,,,,,,,,,,,,,,,,,,,,,,,,,,,,,,,,,
bb296a43cc3d0c0a5306,cn-soe-0035,中国中车集团有限公司,restricted,,False,https://crrc.zhiye.com/,403,0,2026-07-13T13:37:54.402880+00:00,https://crrc.zhiye.com/,False,æ¨çè®¿é®è¯·æ±å¯è½å¯¹ç½ç«é æå®å¨å¨èï¼è¯·æ±å·²è¢«é»æ­ã,284,,,,,,,,,,,,,,,,,,,,,,,,,,,,,,,,,,,,,,,,,,
2ce6473892b623550830,cn-soe-0036,中国宝武钢铁集团有限公司,restricted,,False,https://baowu.zhiye.com/,403,0,2026-07-13T13:37:55.653205+00:00,https://baowu.zhiye.com/,False,æ¨çè®¿é®è¯·æ±å¯è½å¯¹ç½ç«é æå®å¨å¨èï¼è¯·æ±å·²è¢«é»æ­ã,284,,,,,,,,,,,,,,,,,,,,,,,,,,,,,,,,,,,,,,,,,,
c49abe876c31226a223b,cn-soe-0037,鞍钢集团有限公司,restricted,,False,https://ansteel.zhiye.com/,403,0,2026-07-13T13:40:32.740273+00:00,https://ansteel.zhiye.com/,False,æ¨çè®¿é®è¯·æ±å¯è½å¯¹ç½ç«é æå®å¨å¨èï¼è¯·æ±å·²è¢«é»æ­ã,284,,,,,,,,,,,,,,,,,,,,,,,,,,,,,,,,,,,,,,,,,,
5a8c13f112ba33051dad,cn-soe-0038,中国五矿集团有限公司,restricted,,False,https://minmetals.zhiye.com/,403,0,2026-07-13T13:40:33.985106+00:00,https://minmetals.zhiye.com/,False,æ¨çè®¿é®è¯·æ±å¯è½å¯¹ç½ç«é æå®å¨å¨èï¼è¯·æ±å·²è¢«é»æ­ã,284,,,,,,,,,,,,,,,,,,,,,,,,,,,,,,,,,,,,,,,,,,
febcb011f1dab1acf479,cn-soe-0039,中国铝业集团有限公司,restricted,,False,https://chinalco.zhiye.com/,403,0,2026-07-13T13:40:35.256595+00:00,https://chinalco.zhiye.com/,False,æ¨çè®¿é®è¯·æ±å¯è½å¯¹ç½ç«é æå®å¨å¨èï¼è¯·æ±å·²è¢«é»æ­ã,284,,,,,,,,,,,,,,,,,,,,,,,,,,,,,,,,,,,,,,,,,,
52104ed55b41e7365653,cn-soe-0040,中国建材集团有限公司,restricted,,False,https://cnbm.zhiye.com/,403,0,2026-07-13T13:40:36.480814+00:00,https://cnbm.zhiye.com/,False,æ¨çè®¿é®è¯·æ±å¯è½å¯¹ç½ç«é æå®å¨å¨èï¼è¯·æ±å·²è¢«é»æ­ã,284,,,,,,,,,,,,,,,,,,,,,,,,,,,,,,,,,,,,,,,,,,
c30ba993e1f22afde2a4,cn-soe-0041,中国机械工业集团有限公司,restricted,,False,https://sinomach.zhiye.com/,403,0,2026-07-13T13:40:37.727120+00:00,https://sinomach.zhiye.com/,False,æ¨çè®¿é®è¯·æ±å¯è½å¯¹ç½ç«é æå®å¨å¨èï¼è¯·æ±å·²è¢«é»æ­ã,284,,,,,,,,,,,,,,,,,,,,,,,,,,,,,,,,,,,,,,,,,,
a378d59584204fbf22c2,cn-soe-0042,中国通用技术（集团）控股有限责任公司,restricted,,False,https://genertec.zhiye.com/,403,0,2026-07-13T13:40:39.172787+00:00,https://genertec.zhiye.com/,False,æ¨çè®¿é®è¯·æ±å¯è½å¯¹ç½ç«é æå®å¨å¨èï¼è¯·æ±å·²è¢«é»æ­ã,284,,,,,,,,,,,,,,,,,,,,,,,,,,,,,,,,,,,,,,,,,,
1b191f2204ddfcbfff75,cn-soe-0043,华润（集团）有限公司,restricted,,False,https://crc.zhiye.com/,403,0,2026-07-13T13:40:40.325998+00:00,https://crc.zhiye.com/,False,æ¨çè®¿é®è¯·æ±å¯è½å¯¹ç½ç«é æå®å¨å¨èï¼è¯·æ±å·²è¢«é»æ­ã,284,,,,,,,,,,,,,,,,,,,,,,,,,,,,,,,,,,,,,,,,,,
1075cb673cc9cc9a8929,cn-soe-0044,招商局集团有限公司,restricted,,False,https://cmhk.zhiye.com/,403,0,2026-07-13T13:40:41.520614+00:00,https://cmhk.zhiye.com/,False,æ¨çè®¿é®è¯·æ±å¯è½å¯¹ç½ç«é æå®å¨å¨èï¼è¯·æ±å·²è¢«é»æ­ã,284,,,,,,,,,,,,,,,,,,,,,,,,,,,,,,,,,,,,,,,,,,
2283660a4614fc905230,cn-soe-0045,中国保利集团有限公司,restricted,,False,https://poly.zhiye.com/,403,0,2026-07-13T13:40:42.666128+00:00,https://poly.zhiye.com/,False,æ¨çè®¿é®è¯·æ±å¯è½å¯¹ç½ç«é æå®å¨å¨èï¼è¯·æ±å·²è¢«é»æ­ã,284,,,,,,,,,,,,,,,,,,,,,,,,,,,,,,,,,,,,,,,,,,
704b27e9005fd66fbe54,cn-soe-0046,中国医药集团有限公司,restricted,,False,https://sinopharm.zhiye.com/,403,0,2026-07-13T13:40:43.886673+00:00,https://sinopharm.zhiye.com/,False,æ¨çè®¿é®è¯·æ±å¯è½å¯¹ç½ç«é æå®å¨å¨èï¼è¯·æ±å·²è¢«é»æ­ã,284,,,,,,,,,,,,,,,,,,,,,,,,,,,,,,,,,,,,,,,,,,
458b55c960d5a5f6a42c,cn-soe-0047,中粮集团有限公司,restricted,,False,https://cofco.zhiye.com/,403,0,2026-07-13T13:41:15.419657+00:00,https://cofco.zhiye.com/,False,æ¨çè®¿é®è¯·æ±å¯è½å¯¹ç½ç«é æå®å¨å¨èï¼è¯·æ±å·²è¢«é»æ­ã,284,,,,,,,,,,,,,,,,,,,,,,,,,,,,,,,,,,,,,,,,,,
c95645de66c730af15d3,cn-soe-0048,中国远洋海运集团有限公司,restricted,,False,https://coscoshipping.zhiye.com/,403,0,2026-07-13T13:41:16.549700+00:00,https://coscoshipping.zhiye.com/,False,æ¨çè®¿é®è¯·æ±å¯è½å¯¹ç½ç«é æå®å¨å¨èï¼è¯·æ±å·²è¢«é»æ­ã,284,,,,,,,,,,,,,,,,,,,,,,,,,,,,,,,,,,,,,,,,,,
57c10675e0cc9d862376,cn-soe-0049,中国国际航空股份有限公司,html_links_discovered,,False,https://zhaopin.airchina.com.cn/cn/about_us/recruitment/index.shtml,200,9,2026-07-13T13:41:18.438015+00:00,https://zhaopin.airchina.com.cn/,True,国航招聘_国航招聘官网_国航招飞-国航官网,713,,,,,,,,,,,,,,,,,,,,,,,,,,,,,,,,,,,,,,,,,,
bdbf1941374cd28afb52,cn-soe-0050,中国东方航空股份有限公司,html_links_discovered,,False,https://job.ceair.com/,200,5,2026-07-13T13:41:26.258663+00:00,https://job.ceair.com/,True,é¦é¡µ,477,,,,,,,,,,,,,,,,,,,,,,,,,,,,,,,,,,,,,,,,,,
fef3d5d3437491b05cc1,cn-tech-0051,腾讯控股有限公司,pending_dynamic_js,,False,https://careers.tencent.com/,200,0,2026-07-13T13:50:50.759529+00:00,https://careers.tencent.com/,True,首页 | 腾讯招聘,9,,,,,,,,,,,,,,,,,,,,,,,,,,,,,,,,,,,,,,,,,,
93991e89421b092aff73,cn-tech-0052,阿里巴巴集团控股有限公司,pending_dynamic_js,,False,https://talent.alibaba.com/,200,0,2026-07-13T13:50:51.661408+00:00,https://talent.alibaba.com/,True,阿里巴巴集团招聘官网,10,,,,,,,,,,,,,,,,,,,,,,,,,,,,,,,,,,,,,,,,,,
b3846078aef4b3739b0a,cn-tech-0053,京东集团股份有限公司,html_links_discovered,,False,https://zhaopin.jd.com/home;jsessionid=99980C03B17C00DD2C09CACD24F3263B.s1,200,3,2026-07-13T13:50:54.005695+00:00,https://zhaopin.jd.com/,True,京东招聘-首页,1591,,,,,,,,,,,,,,,,,,,,,,,,,,,,,,,,,,,,,,,,,,
eedd0461eee94c098323,cn-tech-0054,北京字节跳动科技有限公司,pending_dynamic_js,,False,https://jobs.bytedance.com/,200,0,2026-07-13T13:50:56.887614+00:00,https://jobs.bytedance.com/,True,,0,,,,,,,,,,,,,,,,,,,,,,,,,,,,,,,,,,,,,,,,,,
6f53837edccbf85764a5,cn-tech-0055,北京三快在线科技有限公司,pending_dynamic_js,,False,https://zhaopin.meituan.com/web/home,200,0,2026-07-13T13:50:57.971043+00:00,https://zhaopin.meituan.com/,True,美团招聘,4,,,,,,,,,,,,,,,,,,,,,,,,,,,,,,,,,,,,,,,,,,
48b4f34d486ec525c498,cn-tech-0056,百度在线网络技术（北京）有限公司,pending_dynamic_js,,False,https://talent.baidu.com/jobs/social,200,1,2026-07-13T13:50:59.553306+00:00,https://talent.baidu.com/jobs/social,True,百度校园招聘,64,,,,,,,,,,,,,,,,,,,,,,,,,,,,,,,,,,,,,,,,,,
9df756d05e520de3aed0,cn-tech-0057,华为投资控股有限公司,pending_dynamic_js,,False,https://career.huawei.com/cn,200,0,2026-07-13T13:51:01.975997+00:00,https://career.huawei.com/cn,True,åä¸ºæèå®ç½é¦é¡µ,24,,,,,,,,,,,,,,,,,,,,,,,,,,,,,,,,,,,,,,,,,,
82d43218b230e247cf30,cn-tech-0058,小米集团,no_links_observed,,False,https://hr.xiaomi.com/,200,0,2026-07-13T13:51:03.181533+00:00,https://hr.xiaomi.com/,True,,0,,,,,,,,,,,,,,,,,,,,,,,,,,,,,,,,,,,,,,,,,,
69a9c7bd7045efc8d491,cn-log-0059,顺丰控股股份有限公司,fetch_failed,ConnectTimeout,False,,,0,2026-07-13T13:51:29.342396+00:00,https://hr.sf-express.com/,False,,0,,,,,,,,,,,,,,,,,,,,,,,,,,,,,,,,,,,,,,,,,,
2ace72a1c386fcb9fb21,cn-tech-0060,北京小桔科技有限公司,pending_dynamic_js,,False,https://talent.didiglobal.com/,200,0,2026-07-13T13:51:32.687878+00:00,https://talent.didiglobal.com/,True,滴滴招聘,4,,,,,,,,,,,,,,,,,,,,,,,,,,,,,,,,,,,,,,,,,,
eceac3f6bc32c8ec2a80,cn-auto-0061,比亚迪股份有限公司,no_links_observed,,False,https://job.byd.com/,200,0,2026-07-13T14:37:27.181669+00:00,https://job.byd.com/,True,æ¯äºè¿ªäººåèµæºæå¡å¹³å°,33,,,,,,,,,,,,,,,,,,,,,,,,,,,,,,,,,,,,,,,,,,
e1abbd8d8f19839471d0,cn-auto-0062,宁德时代新能源科技股份有限公司,fetch_failed,ConnectionError,False,,,0,2026-07-13T14:37:27.463054+00:00,https://career.catl.com/,False,,0,,,,,,,,,,,,,,,,,,,,,,,,,,,,,,,,,,,,,,,,,,
d46d93e738308efb127b,cn-tech-0063,联想集团有限公司,html_links_discovered,,False,https://jobs.lenovo.com/en_US/careers,200,22,2026-07-13T14:37:28.997446+00:00,https://jobs.lenovo.com/,True,Jobs at Lenovo,3094,,,,,,,,,,,,,,,,,,,,,,,,,,,,,,,,,,,,,,,,,,
718b568c134e939c3024,cn-tech-0064,OPPO广东移动通信有限公司,pending_dynamic_js,,False,https://careers.oppo.com/,200,0,2026-07-13T14:37:29.900386+00:00,https://careers.oppo.com/,True,OPPOæè - å å¥æä»¬ join us,33,,,,,,,,,,,,,,,,,,,,,,,,,,,,,,,,,,,,,,,,,,
b0b37758474d11ae9cc1,cn-tech-0065,维沃移动通信有限公司,pending_dynamic_js,,False,https://hr.vivo.com/,200,0,2026-07-13T14:37:31.298117+00:00,https://hr.vivo.com/,True,vivoæèå®æ¹ç½ç«,22,,,,,,,,,,,,,,,,,,,,,,,,,,,,,,,,,,,,,,,,,,
9ef822880869fdaceedb,cn-tech-0066,中兴通讯股份有限公司,html_links_discovered,,False,https://job.zte.com.cn/cn/,200,13,2026-07-13T14:37:32.625995+00:00,https://job.zte.com.cn/,True,中兴通讯招聘,1327,,,,,,,,,,,,,,,,,,,,,,,,,,,,,,,,,,,,,,,,,,
0b45ca04b8a6ece8510c,cn-mfg-0067,美的集团股份有限公司,pending_dynamic_js,,False,https://careers.midea.com/schoolOut,200,0,2026-07-13T14:37:43.953488+00:00,https://careers.midea.com/,True,美的集团-校园招聘官网,11,,,,,,,,,,,,,,,,,,,,,,,,,,,,,,,,,,,,,,,,,,
0576fb22a47a9619fa35,cn-auto-0068,浙江吉利控股集团有限公司,fetch_failed,ConnectionError,False,,,0,2026-07-13T14:37:44.160743+00:00,https://hr.geely.com/,False,,0,,,,,,,,,,,,,,,,,,,,,,,,,,,,,,,,,,,,,,,,,,
eca77449660c7cfb4a96,cn-auto-0069,上海蔚来汽车有限公司,fetch_failed,ConnectionError,False,,,0,2026-07-13T14:37:45.362272+00:00,https://jobs.nio.com/,False,,0,,,,,,,,,,,,,,,,,,,,,,,,,,,,,,,,,,,,,,,,,,
e346e1b155396ee936c9,cn-auto-0070,北京车和家信息技术有限公司,restricted,,False,https://www.lixiang.com/careers,403,0,2026-07-13T14:37:49.482835+00:00,https://www.lixiang.com/careers,False,,76,,,,,,,,,,,,,,,,,,,,,,,,,,,,,,,,,,,,,,,,,,
c4eaf0921cb8456e9bab,cn-tech-0071,网易（杭州）网络有限公司,pending_dynamic_js,,False,https://hr.163.com/,200,0,2026-07-13T14:37:50.776762+00:00,https://hr.163.com/,True,ç½æç¤¾ä¼æè,18,,,,,,,,,,,,,,,,,,,,,,,,,,,,,,,,,,,,,,,,,,
cb07f917bb4159e03321,cn-tech-0072,北京快手科技有限公司,pending_dynamic_js,,False,https://zhaopin.kuaishou.cn/,200,0,2026-07-13T14:37:53.179371+00:00,https://zhaopin.kuaishou.cn/,True,快手招聘,51,,,,,,,,,,,,,,,,,,,,,,,,,,,,,,,,,,,,,,,,,,
22db84025ad7b89bbc5a,cn-tech-0073,上海寻梦信息技术有限公司,no_links_observed,,False,https://careers.pddglobalhr.com/campus/,200,0,2026-07-13T14:37:55.110368+00:00,https://careers.pinduoduo.com/,False,拼多多集团-PDD校园招聘官网,649,,,,,,,,,,,,,,,,,,,,,,,,,,,,,,,,,,,,,,,,,,
c8e6d8bdc5f132d0d5fe,cn-tech-0074,上海宽娱数码科技有限公司,pending_dynamic_js,,False,https://jobs.bilibili.com/,200,0,2026-07-13T14:37:55.924195+00:00,https://jobs.bilibili.com/,True,åå©åå©-æè,19,,,,,,,,,,,,,,,,,,,,,,,,,,,,,,,,,,,,,,,,,,
2f662690c3a6a3f03966,cn-fin-0075,蚂蚁科技集团股份有限公司,pending_dynamic_js,,False,https://talent.antgroup.com/,200,0,2026-07-13T14:37:57.717232+00:00,https://talent.antgroup.com/,True,,0,,,,,,,,,,,,,,,,,,,,,,,,,,,,,,,,,,,,,,,,,,
44cfd18aa86c2c89336b,cn-travel-0076,携程集团有限公司,pending_dynamic_js,,False,https://careers.trip.com/,200,0,2026-07-13T14:37:58.276144+00:00,https://careers.trip.com/,True,Trip.com Group Careers,69,,,,,,,,,,,,,,,,,,,,,,,,,,,,,,,,,,,,,,,,,,
67b479bd0d9c2d0c1843,cn-tech-0077,京东方科技集团股份有限公司,restricted,,False,https://career.boe.com/,403,0,2026-07-13T14:37:59.709614+00:00,https://career.boe.com/,False,æ¨çè®¿é®è¯·æ±å¯è½å¯¹ç½ç«é æå®å¨å¨èï¼è¯·æ±å·²è¢«é»æ­ã,284,,,,,,,,,,,,,,,,,,,,,,,,,,,,,,,,,,,,,,,,,,
57d674a2e1073607b20f,cn-mfg-0078,三一集团有限公司,restricted,,False,https://sany.zhiye.com/,403,0,2026-07-13T14:38:00.810125+00:00,https://sany.zhiye.com/,False,æ¨çè®¿é®è¯·æ±å¯è½å¯¹ç½ç«é æå®å¨å¨èï¼è¯·æ±å·²è¢«é»æ­ã,284,,,,,,,,,,,,,,,,,,,,,,,,,,,,,,,,,,,,,,,,,,
48ef4a7c4c4f7d74688e,cn-tech-0079,TCL科技集团股份有限公司,fetch_failed,ConnectTimeout,False,,,0,2026-07-13T14:38:25.975655+00:00,https://career.tcl.com/,False,,0,,,,,,,,,,,,,,,,,,,,,,,,,,,,,,,,,,,,,,,,,,
59a696128d65a088843a,cn-auto-0080,长城汽车股份有限公司,fetch_failed,ConnectionError,False,,,0,2026-07-13T14:38:26.225688+00:00,https://career.gwm.com.cn/,False,,0,,,,,,,,,,,,,,,,,,,,,,,,,,,,,,,,,,,,,,,,,,
2a20921591b385e016cb,cn-auto-0081,上海汽车集团股份有限公司,restricted,,False,https://saicmotor.zhiye.com/,403,0,2026-07-13T14:41:16.786504+00:00,https://saicmotor.zhiye.com/,False,æ¨çè®¿é®è¯·æ±å¯è½å¯¹ç½ç«é æå®å¨å¨èï¼è¯·æ±å·²è¢«é»æ­ã,284,,,,,,,,,,,,,,,,,,,,,,,,,,,,,,,,,,,,,,,,,,
8b087f1cd3a1c1a1a0fe,cn-auto-0082,广州汽车集团股份有限公司,restricted,,False,https://gac.zhiye.com/,403,0,2026-07-13T14:41:17.890597+00:00,https://gac.zhiye.com/,False,æ¨çè®¿é®è¯·æ±å¯è½å¯¹ç½ç«é æå®å¨å¨èï¼è¯·æ±å·²è¢«é»æ­ã,284,,,,,,,,,,,,,,,,,,,,,,,,,,,,,,,,,,,,,,,,,,
b575c6987a30c344df37,cn-auto-0083,东风汽车集团有限公司,restricted,,False,https://dfmc.zhiye.com/,403,0,2026-07-13T14:41:19.051773+00:00,https://dfmc.zhiye.com/,False,æ¨çè®¿é®è¯·æ±å¯è½å¯¹ç½ç«é æå®å¨å¨èï¼è¯·æ±å·²è¢«é»æ­ã,284,,,,,,,,,,,,,,,,,,,,,,,,,,,,,,,,,,,,,,,,,,
6ebd972bc0c3d70fcedb,cn-auto-0084,中国第一汽车集团有限公司,restricted,,False,https://faw.zhiye.com/,403,0,2026-07-13T14:41:20.202224+00:00,https://faw.zhiye.com/,False,æ¨çè®¿é®è¯·æ±å¯è½å¯¹ç½ç«é æå®å¨å¨èï¼è¯·æ±å·²è¢«é»æ­ã,284,,,,,,,,,,,,,,,,,,,,,,,,,,,,,,,,,,,,,,,,,,
8bbd4e419a22c70ffc75,cn-auto-0085,重庆长安汽车股份有限公司,restricted,,False,https://changan.zhiye.com/,403,0,2026-07-13T14:41:21.617982+00:00,https://changan.zhiye.com/,False,æ¨çè®¿é®è¯·æ±å¯è½å¯¹ç½ç«é æå®å¨å¨èï¼è¯·æ±å·²è¢«é»æ­ã,284,,,,,,,,,,,,,,,,,,,,,,,,,,,,,,,,,,,,,,,,,,
0dd4c92c20800c4f5377,cn-auto-0086,广州小鹏汽车科技有限公司,fetch_failed,ConnectionError,False,,,0,2026-07-13T14:41:21.791936+00:00,https://job.xiaopeng.com/,False,,0,,,,,,,,,,,,,,,,,,,,,,,,,,,,,,,,,,,,,,,,,,
fcf08c98d3041f89ab07,cn-auto-0087,浙江零跑科技股份有限公司,restricted,,False,https://leapmotor.zhiye.com/,403,0,2026-07-13T14:41:22.935573+00:00,https://leapmotor.zhiye.com/,False,æ¨çè®¿é®è¯·æ±å¯è½å¯¹ç½ç«é æå®å¨å¨èï¼è¯·æ±å·²è¢«é»æ­ã,284,,,,,,,,,,,,,,,,,,,,,,,,,,,,,,,,,,,,,,,,,,
2b9a53397531b42e6f03,cn-auto-0088,赛力斯集团股份有限公司,restricted,,False,https://seres.zhiye.com/,403,0,2026-07-13T14:41:24.012817+00:00,https://seres.zhiye.com/,False,æ¨çè®¿é®è¯·æ±å¯è½å¯¹ç½ç«é æå®å¨å¨èï¼è¯·æ±å·²è¢«é»æ­ã,284,,,,,,,,,,,,,,,,,,,,,,,,,,,,,,,,,,,,,,,,,,
3ffe61d4f72be7ec1f78,cn-mfg-0089,海尔集团公司,no_links_observed,,False,https://maker.haier.net/client/hrportal/,404,0,2026-07-13T14:41:25.106608+00:00,https://maker.haier.net/client/hrportal/,False,{$Pages_Title|default=getSemantic('haierCB').'-'.getSemantic('haier').'官方招聘网站'},112,,,,,,,,,,,,,,,,,,,,,,,,,,,,,,,,,,,,,,,,,,
eaa98ade104e4b465ef2,cn-mfg-0090,珠海格力电器股份有限公司,restricted,,False,https://gree.zhiye.com/404?errorpath=%2f,403,0,2026-07-13T14:41:26.481111+00:00,https://gree.zhiye.com/,False,æ¨çè®¿é®è¯·æ±å¯è½å¯¹ç½ç«é æå®å¨å¨èï¼è¯·æ±å·²è¢«é»æ­ã,284,,,,,,,,,,,,,,,,,,,,,,,,,,,,,,,,,,,,,,,,,,
a3ef7cc4f46cada54b34,cn-mfg-0091,海信集团控股股份有限公司,no_links_observed,,False,https://hisense.zhiye.com/404,200,0,2026-07-13T14:41:27.792851+00:00,https://hisense.zhiye.com/,True,Not Found,87,,,,,,,,,,,,,,,,,,,,,,,,,,,,,,,,,,,,,,,,,,
8b20f38b27357d8cd7df,cn-mfg-0092,创维集团有限公司,restricted,,False,https://skyworth.zhiye.com/,403,0,2026-07-13T14:41:29.104583+00:00,https://skyworth.zhiye.com/,False,æ¨çè®¿é®è¯·æ±å¯è½å¯¹ç½ç«é æå®å¨å¨èï¼è¯·æ±å·²è¢«é»æ­ã,284,,,,,,,,,,,,,,,,,,,,,,,,,,,,,,,,,,,,,,,,,,
3c6829648ae6a98dbbc4,cn-tech-0093,科大讯飞股份有限公司,fetch_failed,ConnectionError,False,,,0,2026-07-13T14:41:29.263807+00:00,https://job.iflytek.com/,False,,0,,,,,,,,,,,,,,,,,,,,,,,,,,,,,,,,,,,,,,,,,,
5811bfccabb2b8026c6a,cn-tech-0094,深圳市大疆创新科技有限公司,html_links_discovered,,False,https://we.dji.com/index_en.html,200,1,2026-07-13T14:41:29.728019+00:00,https://we.dji.com/,True,Home-DJI Recruits Genius,2479,,,,,,,,,,,,,,,,,,,,,,,,,,,,,,,,,,,,,,,,,,
87af10a68a25a3bfe829,cn-tech-0095,杭州海康威视数字技术股份有限公司,fetch_failed,ConnectionError,False,,,0,2026-07-13T14:41:29.901253+00:00,https://career.hikvision.com/,False,,0,,,,,,,,,,,,,,,,,,,,,,,,,,,,,,,,,,,,,,,,,,
0acaf894e08479f7e7f9,cn-tech-0096,浙江大华技术股份有限公司,restricted,,False,https://dahua.zhiye.com/,403,0,2026-07-13T14:41:30.984925+00:00,https://dahua.zhiye.com/,False,æ¨çè®¿é®è¯·æ±å¯è½å¯¹ç½ç«é æå®å¨å¨èï¼è¯·æ±å·²è¢«é»æ­ã,284,,,,,,,,,,,,,,,,,,,,,,,,,,,,,,,,,,,,,,,,,,
c656b8db5418791f2c70,cn-health-0097,深圳迈瑞生物医疗电子股份有限公司,restricted,,False,https://career.mindray.com/,403,0,2026-07-13T14:41:32.227764+00:00,https://career.mindray.com/,False,æ¨çè®¿é®è¯·æ±å¯è½å¯¹ç½ç«é æå®å¨å¨èï¼è¯·æ±å·²è¢«é»æ­ã,284,,,,,,,,,,,,,,,,,,,,,,,,,,,,,,,,,,,,,,,,,,
5bf3eac2f3ca3cac271e,cn-health-0098,无锡药明康德新药开发股份有限公司,restricted,,False,https://wuxiapptec.zhiye.com/,403,0,2026-07-13T14:41:33.392092+00:00,https://wuxiapptec.zhiye.com/,False,æ¨çè®¿é®è¯·æ±å¯è½å¯¹ç½ç«é æå®å¨å¨èï¼è¯·æ±å·²è¢«é»æ­ã,284,,,,,,,,,,,,,,,,,,,,,,,,,,,,,,,,,,,,,,,,,,
3c2453bdc169e6e5fdfc,cn-health-0099,江苏恒瑞医药股份有限公司,restricted,,False,https://hrs.zhiye.com/,403,0,2026-07-13T14:41:34.499325+00:00,https://hrs.zhiye.com/,False,æ¨çè®¿é®è¯·æ±å¯è½å¯¹ç½ç«é æå®å¨å¨èï¼è¯·æ±å·²è¢«é»æ­ã,284,,,,,,,,,,,,,,,,,,,,,,,,,,,,,,,,,,,,,,,,,,
c50a35e96aace6c85031,cn-hold-0100,复星国际有限公司,restricted,,False,https://fosun.zhiye.com/,403,0,2026-07-13T14:41:35.814375+00:00,https://fosun.zhiye.com/,False,æ¨çè®¿é®è¯·æ±å¯è½å¯¹ç½ç«é æå®å¨å¨èï¼è¯·æ±å·²è¢«é»æ­ã,284,,,,,,,,,,,,,,,,,,,,,,,,,,,,,,,,,,,,,,,,,,
7f3a9acfa754fb0fb6c4,cn-soe-0029,中国建筑集团有限公司,restricted,,False,https://cscec.zhiye.com/,403,0,2026-07-13T15:09:14.367770+00:00,https://cscec.zhiye.com/,False,æ¨çè®¿é®è¯·æ±å¯è½å¯¹ç½ç«é æå®å¨å¨èï¼è¯·æ±å·²è¢«é»æ­ã,284,,,,,,,,,,,,,,,,,,,,,,,,,,,,,,,,,,,,,,,,,,
c0cff7c6c2e857858c40,cn-soe-0030,中国交通建设集团有限公司,restricted,,False,https://ccccltd.zhiye.com/,403,0,2026-07-13T15:09:15.530637+00:00,https://ccccltd.zhiye.com/,False,æ¨çè®¿é®è¯·æ±å¯è½å¯¹ç½ç«é æå®å¨å¨èï¼è¯·æ±å·²è¢«é»æ­ã,284,,,,,,,,,,,,,,,,,,,,,,,,,,,,,,,,,,,,,,,,,,
5306305050f58a237d62,cn-soe-0031,中国铁路工程集团有限公司,restricted,,False,https://crec.zhiye.com/,403,0,2026-07-13T15:09:17.008652+00:00,https://crec.zhiye.com/,False,æ¨çè®¿é®è¯·æ±å¯è½å¯¹ç½ç«é æå®å¨å¨èï¼è¯·æ±å·²è¢«é»æ­ã,284,,,,,,,,,,,,,,,,,,,,,,,,,,,,,,,,,,,,,,,,,,
ac23a5b96d471407da7d,cn-soe-0032,中国铁道建筑集团有限公司,restricted,,False,https://crcc.zhiye.com/,403,0,2026-07-13T15:09:18.117508+00:00,https://crcc.zhiye.com/,False,æ¨çè®¿é®è¯·æ±å¯è½å¯¹ç½ç«é æå®å¨å¨èï¼è¯·æ±å·²è¢«é»æ­ã,284,,,,,,,,,,,,,,,,,,,,,,,,,,,,,,,,,,,,,,,,,,
d0da3a74bf464cc14487,cn-soe-0033,中国第一汽车集团有限公司,restricted,,False,https://faw.zhiye.com/,403,0,2026-07-13T15:09:19.493137+00:00,https://faw.zhiye.com/,False,æ¨çè®¿é®è¯·æ±å¯è½å¯¹ç½ç«é æå®å¨å¨èï¼è¯·æ±å·²è¢«é»æ­ã,284,,,,,,,,,,,,,,,,,,,,,,,,,,,,,,,,,,,,,,,,,,
810101a1b7bf4e013c35,cn-soe-0034,东风汽车集团有限公司,restricted,,False,https://dfmc.zhiye.com/,403,0,2026-07-13T15:09:20.912366+00:00,https://dfmc.zhiye.com/,False,æ¨çè®¿é®è¯·æ±å¯è½å¯¹ç½ç«é æå®å¨å¨èï¼è¯·æ±å·²è¢«é»æ­ã,284,,,,,,,,,,,,,,,,,,,,,,,,,,,,,,,,,,,,,,,,,,
6d6a25487d6aa6544852,cn-soe-0035,中国宝武钢铁集团有限公司,restricted,,False,https://baowu.zhiye.com/,403,0,2026-07-13T15:09:22.039776+00:00,https://baowu.zhiye.com/,False,æ¨çè®¿é®è¯·æ±å¯è½å¯¹ç½ç«é æå®å¨å¨èï¼è¯·æ±å·²è¢«é»æ­ã,284,,,,,,,,,,,,,,,,,,,,,,,,,,,,,,,,,,,,,,,,,,
aad09706f95d184af17d,cn-soe-0036,鞍钢集团有限公司,restricted,,False,https://ansteel.zhiye.com/,403,0,2026-07-13T15:09:23.358362+00:00,https://ansteel.zhiye.com/,False,æ¨çè®¿é®è¯·æ±å¯è½å¯¹ç½ç«é æå®å¨å¨èï¼è¯·æ±å·²è¢«é»æ­ã,284,,,,,,,,,,,,,,,,,,,,,,,,,,,,,,,,,,,,,,,,,,
697fbffb2af98090f366,cn-fin-0101,中国邮政集团有限公司,fetch_failed,ConnectionError,False,,,0,2026-07-13T16:44:00.534176+00:00,https://job.chinapost.com.cn/,False,,0,,,,,,,,,,,,,,,,,,,,,,,,,,,,,,,,,,,,,,,,,,
8331a4701cffcf2161f7,cn-fin-0102,中国邮政储蓄银行股份有限公司,no_links_observed,,False,https://www.psbc.com/cn/gyyc/rczp/,200,0,2026-07-13T16:44:01.469502+00:00,https://www.psbc.com/cn/gyyc/rczp/,True,,52,,,,,,,,,,,,,,,,,,,,,,,,,,,,,,,,,,,,,,,,,,
8022d32c437396aa6a5b,cn-fin-0103,中国光大银行股份有限公司,fetch_failed,ConnectionError,False,,,0,2026-07-13T16:44:02.066250+00:00,https://career.cebbank.com/,False,,0,,,,,,,,,,,,,,,,,,,,,,,,,,,,,,,,,,,,,,,,,,
b0283257d86ddb8b4c7f,cn-fin-0104,中国民生银行股份有限公司,pending_dynamic_js,,False,https://career.cmbc.com.cn/,200,0,2026-07-13T16:44:03.203335+00:00,https://career.cmbc.com.cn/,True,,33,,,,,,,,,,,,,,,,,,,,,,,,,,,,,,,,,,,,,,,,,,
1181512495c2857b43eb,cn-fin-0105,兴业银行股份有限公司,pending_dynamic_js,,False,https://job.cib.com.cn/portal/,200,0,2026-07-13T16:44:04.482575+00:00,https://job.cib.com.cn/,True,兴业招聘官网,6,,,,,,,,,,,,,,,,,,,,,,,,,,,,,,,,,,,,,,,,,,
e48070a13937618bc9fd,cn-fin-0106,上海浦东发展银行股份有限公司,restricted,,False,https://job.spdb.com.cn/,200,11,2026-07-13T16:44:06.112533+00:00,https://job.spdb.com.cn/,True,浦发招聘,635,,,,,,,,,,,,,,,,,,,,,,,,,,,,,,,,,,,,,,,,,,
737e8b860b56d257ca00,cn-fin-0107,华夏银行股份有限公司,fetch_failed,ConnectionError,False,,,0,2026-07-13T16:44:06.760687+00:00,https://zhaopin.hxb.com.cn/,False,,0,,,,,,,,,,,,,,,,,,,,,,,,,,,,,,,,,,,,,,,,,,
30a918439202a8f9ee16,cn-fin-0108,浙商银行股份有限公司,no_links_observed,,False,https://zp.czbank.com.cn/,200,0,2026-07-13T16:44:09.138429+00:00,https://zp.czbank.com.cn/,True,,0,,,,,,,,,,,,,,,,,,,,,,,,,,,,,,,,,,,,,,,,,,
f090bb5c27045c29005c,cn-fin-0109,渤海银行股份有限公司,no_links_observed,,False,https://www.cbhb.com.cn/gywm/rczp/,404,0,2026-07-13T16:44:10.521688+00:00,https://www.cbhb.com.cn/gywm/rczp/,False,渤海银行-404页面,1939,,,,,,,,,,,,,,,,,,,,,,,,,,,,,,,,,,,,,,,,,,
d43622b74036681a28cf,cn-fin-0114,宁波银行股份有限公司,no_links_observed,,False,https://zhaopin.nbcb.com.cn/,200,0,2026-07-13T16:44:16.469711+00:00,https://zhaopin.nbcb.com.cn/,True,å®æ³¢é¶è¡æè,125,,,,,,,,,,,,,,,,,,,,,,,,,,,,,,,,,,,,,,,,,,
99681b6340590f3e6ead,cn-fin-0117,中信银行股份有限公司,restricted,,False,https://job.citicbank.com/,403,1,2026-07-13T16:44:19.605542+00:00,https://job.citicbank.com/,False,403 Forbidden,523,,,,,,,,,,,,,,,,,,,,,,,,,,,,,,,,,,,,,,,,,,
b2337b34c2e9483db899,cn-fin-0120,中国国际金融股份有限公司,fetch_failed,ConnectionError,False,,,0,2026-07-13T16:44:22.186729+00:00,https://career.cicc.com.cn/,False,,0,,,,,,,,,,,,,,,,,,,,,,,,,,,,,,,,,,,,,,,,,,
b4860a184a775045cc89,cn-soe-0011,中国核工业集团有限公司,html_links_discovered,,False,https://cnnc.zhiye.com/,200,3,2026-07-13T16:47:49.904971+00:00,https://cnnc.zhiye.com/,True,中核人才招聘网,794,,,,,,,,,,,,,,,,,,,,,,,,,,,,,,,,,,,,,,,,,,
bae02bcb6c0123e82800,cn-soe-0037,中国五矿集团有限公司,fetch_failed,ConnectionError,False,,,0,2026-07-13T16:47:49.695946+00:00,https://minmetals.zhiye.com/,False,,0,,,,,,,,,,,,,,,,,,,,,,,,,,,,,,,,,,,,,,,,,,
d095ce9df858602db2c1,cn-soe-0041,华润（集团）有限公司,fetch_failed,ConnectionError,False,,,0,2026-07-13T16:47:49.680708+00:00,https://crc.zhiye.com/,False,,0,,,,,,,,,,,,,,,,,,,,,,,,,,,,,,,,,,,,,,,,,,
f6e9b20a1fa4ded47eb2,cn-soe-0012,中国航天科工集团有限公司,html_links_discovered,,False,https://casic.zhiye.com/,200,4,2026-07-13T16:48:39.062861+00:00,https://casic.zhiye.com/,True,航天科工集团网申系统--校园招聘,151,,,,,,,,,,,,,,,,,,,,,,,,,,,,,,,,,,,,,,,,,,
5853aace8b5bffaa486e,cn-soe-0040,招商局集团有限公司,fetch_failed,ConnectionError,False,,,0,2026-07-13T16:48:38.670072+00:00,https://cmhk.zhiye.com/,False,,0,,,,,,,,,,,,,,,,,,,,,,,,,,,,,,,,,,,,,,,,,,
fc31a514b1ff76421923,cn-soe-0043,中国通用技术（集团）控股有限责任公司,fetch_failed,ConnectionError,False,,,0,2026-07-13T16:48:38.662053+00:00,https://genertec.zhiye.com/,False,,0,,,,,,,,,,,,,,,,,,,,,,,,,,,,,,,,,,,,,,,,,,
793dda4f6b25d34aabef,cn-soe-0124,中国电子信息产业集团有限公司,fetch_failed,ConnectionError,False,,,0,2026-07-13T16:53:01.704832+00:00,https://cec.zhiye.com/,False,,0,,,,,,,,,,,,,,,,,,,,,,,,,,,,,,,,,,,,,,,,,,
5b4df945e28bcc6e671e,cn-soe-0129,中国旅游集团有限公司,html_links_discovered,,False,https://www.ctg.cn/,200,2,2026-07-13T16:53:03.392197+00:00,https://www.ctg.cn/,True,中国旅游集团,8339,,,,,,,,,,,,,,,,,,,,,,,,,,,,,,,,,,,,,,,,,,
2ebf4bc2bbc90bca4406,cn-soe-0132,中国煤炭科工集团有限公司,fetch_failed,ConnectionError,False,,,0,2026-07-13T16:53:02.724658+00:00,https://ccteg.zhiye.com/,False,,0,,,,,,,,,,,,,,,,,,,,,,,,,,,,,,,,,,,,,,,,,,
50f439f2821af65ee771,cn-soe-0143,中国物流集团有限公司,html_links_discovered,,False,https://www.chinalogisticsgroup.com.cn/,200,1,2026-07-13T16:53:22.416910+00:00,https://www.chinalogisticsgroup.com.cn/,True,中国物流集团有限公司,2799,,,,,,,,,,,,,,,,,,,,,,,,,,,,,,,,,,,,,,,,,,
6e9bd1e8e10fe2616b6e,cn-soe-0145,中国航空油料集团有限公司,fetch_failed,ConnectionError,False,,,0,2026-07-13T16:53:18.945017+00:00,https://cnaf.zhiye.com/,False,,0,,,,,,,,,,,,,,,,,,,,,,,,,,,,,,,,,,,,,,,,,,
87bc7e68ee8eb422709c,cn-soe-0146,中国航空器材集团有限公司,restricted,,False,https://www.casc.com.cn/,403,0,2026-07-13T16:53:19.635689+00:00,https://www.casc.com.cn/,False,å ¡å¡äºWAF,252,,,,,,,,,,,,,,,,,,,,,,,,,,,,,,,,,,,,,,,,,,
d651193d2fb4b5c28190,cn-soe-0148,中国南方航空集团有限公司,no_links_observed,,False,https://job.csair.com/,200,0,2026-07-13T16:53:19.564292+00:00,https://job.csair.com/,True,ä¸­å½åæ¹èªç©ºæèç½,133,,,,,,,,,,,,,,,,,,,,,,,,,,,,,,,,,,,,,,,,,,
d14dcba156f921c33a44,cn-soe-0158,中国建筑科学研究院有限公司,fetch_failed,ConnectionError,False,,,0,2026-07-13T16:53:20.819256+00:00,https://www.cabr.com.cn/,False,,0,,,,,,,,,,,,,,,,,,,,,,,,,,,,,,,,,,,,,,,,,,
2bb034318d51538c9242,cn-soe-0163,机械科学研究总院集团有限公司,fetch_failed,ConnectionError,False,,,0,2026-07-13T16:54:23.857800+00:00,https://www.cam.com.cn/,False,,0,,,,,,,,,,,,,,,,,,,,,,,,,,,,,,,,,,,,,,,,,,
ebf7b06adf5dc3b00c1b,cn-soe-0164,中国轻工集团有限公司,html_links_discovered,,False,https://www.sinolight.cn/,200,1,2026-07-13T16:54:25.853224+00:00,https://www.sinolight.cn/,True,中国轻工集团有限公司 > 首页,2331,,,,,,,,,,,,,,,,,,,,,,,,,,,,,,,,,,,,,,,,,,
88beaf209ed2bfab14d8,cn-soe-0165,中国工艺集团有限公司,fetch_failed,ReadTimeout,False,,,0,2026-07-13T16:54:48.636097+00:00,http://www.cnacgc.com/,False,,0,,,,,,,,,,,,,,,,,,,,,,,,,,,,,,,,,,,,,,,,,,
9e5cd252a1755394b989,cn-soe-0166,中国安能建设集团有限公司,fetch_failed,ConnectionError,False,,,0,2026-07-13T16:54:48.239877+00:00,https://www.china-an.cn/,False,,0,,,,,,,,,,,,,,,,,,,,,,,,,,,,,,,,,,,,,,,,,,
d295ca70f39e7fcb59bd,cn-soe-0167,中国铁塔股份有限公司,fetch_failed,ConnectionError,False,,,0,2026-07-13T16:54:23.270515+00:00,https://zhaopin.china-tower.com/,False,,0,,,,,,,,,,,,,,,,,,,,,,,,,,,,,,,,,,,,,,,,,,
56b633d6118699c01b73,cn-soe-0168,中国联合网络通信集团有限公司,fetch_failed,ConnectionError,False,,,0,2026-07-13T16:54:24.698921+00:00,https://www.chinaunicom.com.cn/,False,,0,,,,,,,,,,,,,,,,,,,,,,,,,,,,,,,,,,,,,,,,,,
a2117d04f0107623bbe9,cn-soe-0169,中国广播电视网络集团有限公司,fetch_failed,ConnectionError,False,,,0,2026-07-13T16:54:23.642999+00:00,https://www.chinabtn.com/,False,,0,,,,,,,,,,,,,,,,,,,,,,,,,,,,,,,,,,,,,,,,,,
187d6e427389e1962802,cn-soe-0170,中国卫通集团股份有限公司,fetch_failed,SSLError,False,,,0,2026-07-13T16:54:24.936752+00:00,https://www.chinasatcom.com/,False,,0,,,,,,,,,,,,,,,,,,,,,,,,,,,,,,,,,,,,,,,,,,
2808b1c4f40f4426bd80,cn-soe-0045,中国能源建设集团有限公司,fetch_failed,ConnectionError,False,,,0,2026-07-13T16:56:20.460958+00:00,https://ceec.zhiye.com/,False,,0,,,,,,,,,,,,,,,,,,,,,,,,,,,,,,,,,,,,,,,,,,
77b26ab7694d6a84baa2,cn-soe-0159,中国国际技术智力合作集团有限公司,fetch_failed,ConnectionError,False,,,0,2026-07-13T16:59:31.968172+00:00,https://ciic.zhiye.com/,False,,0,,,,,,,,,,,,,,,,,,,,,,,,,,,,,,,,,,,,,,,,,,
0b56658ab0dd3b417018,cn-soe-0039,中国远洋海运集团有限公司,fetch_failed,ConnectionError,False,,,0,2026-07-13T16:59:56.206848+00:00,https://coscoshipping.zhiye.com/,False,,0,,,,,,,,,,,,,,,,,,,,,,,,,,,,,,,,,,,,,,,,,,
b8baef4a9b0151796e58,cn-fin-0115,杭州银行股份有限公司,fetch_failed,ConnectionError,False,,,0,2026-07-13T16:59:59.436839+00:00,https://hzb.zhiye.com/,False,,0,,,,,,,,,,,,,,,,,,,,,,,,,,,,,,,,,,,,,,,,,,
7faaedc4d0643cf13740,cn-soe-0162,矿冶科技集团有限公司,fetch_failed,ConnectionError,False,,,0,2026-07-13T16:59:56.445090+00:00,https://bgrimm.zhiye.com/,False,,0,,,,,,,,,,,,,,,,,,,,,,,,,,,,,,,,,,,,,,,,,,
385da1842e1a8bc01847,cn-soe-0140,国家开发投资集团有限公司,fetch_failed,ConnectionError,False,,,0,2026-07-13T17:02:16.867955+00:00,https://sdic.zhiye.com/,False,,0,,,,,,,,,,,,,,,,,,,,,,,,,,,,,,,,,,,,,,,,,,
2b18fbff87f4d29dd37b,cn-soe-0141,中国农业发展集团有限公司,fetch_failed,ConnectionError,False,,,0,2026-07-13T17:02:17.157505+00:00,https://cnadc.zhiye.com/,False,,0,,,,,,,,,,,,,,,,,,,,,,,,,,,,,,,,,,,,,,,,,,
7f0eec7008c58bab6b90,cn-soe-0126,中国中化控股有限责任公司,fetch_failed,ConnectionError,False,,,0,2026-07-13T17:02:37.371467+00:00,https://sinochem.zhiye.com/,False,,0,,,,,,,,,,,,,,,,,,,,,,,,,,,,,,,,,,,,,,,,,,
03ebaf806bef9b569c62,cn-soe-0151,哈尔滨电气集团有限公司,no_links_observed,,False,https://www.harbin-electric.com/,504,0,2026-07-13T17:02:49.339697+00:00,https://www.harbin-electric.com/,False,504 Gateway Time-out,51,,,,,,,,,,,,,,,,,,,,,,,,,,,,,,,,,,,,,,,,,,
141288c316f05fbb6a76,cn-soe-0155,中国信息通信科技集团有限公司,fetch_failed,ConnectionError,False,,,0,2026-07-13T17:04:35.963116+00:00,https://cict.zhiye.com/,False,,0,,,,,,,,,,,,,,,,,,,,,,,,,,,,,,,,,,,,,,,,,,
,cn-fin-0001,中国工商银行股份有限公司,pending_dynamic_js,,False,,,,,https://job.icbc.com.cn/,True,,,2026-07-13T12:05:00Z,,页面标题为中国工商银行人才招聘，但当前抓取器未取得岗位列表正文。,dynamic_javascript_or_api_enumeration_not_yet_implemented,,,,,,,,,,,,,,,,,,,,,,,,,,,,,,,,,,,,,,
,cn-fin-0002,中国建设银行股份有限公司,pending_dynamic_js,,False,,,,,https://job.ccb.com/,True,,,2026-07-13T12:05:00Z,,job.ccb.com招聘入口可访问，但当前抓取器未取得岗位列表正文。,dynamic_javascript_or_api_enumeration_not_yet_implemented,,,,,,,,,,,,,,,,,,,,,,,,,,,,,,,,,,,,,,
,cn-fin-0003,中国农业银行股份有限公司,entry_candidate_pending_verification,,False,,,,,https://career.abchina.com/,False,,,2026-07-13T12:05:00Z,,候选官方招聘域名已记录，当前环境安全校验未允许直接打开，尚不能视为已核验。,entry_verification_pending,,,,,,,,,,,,,,,,,,,,,,,,,,,,,,,,,,,,,,
,cn-fin-0004,中国银行股份有限公司,official_listing_reviewed_latest_announcement_expired,,False,,,,,https://www.boc.cn/aboutboc/bi4/,True,,,2026-07-13T12:05:00Z,0,官方招聘公告页显示最新招聘公告发布于2026-05-11；其报名截止时间为2026-05-25，至2026-07-13已过期。已拆分22条inactive_expired岗位记录。,,尚未核验外部报名系统是否存在未同步到公告页的当前岗位,,,,,,,,,,,,,,,,,,,,,,,,,,,,,,,,,,,,,
,cn-fin-0005,交通银行股份有限公司,pending_dynamic_js,,False,,,,,https://job.bankcomm.com/,True,,,2026-07-13T12:05:00Z,,页面标题为交通银行人才招聘，但当前抓取器未取得岗位列表正文。,dynamic_javascript_or_api_enumeration_not_yet_implemented,,,,,,,,,,,,,,,,,,,,,,,,,,,,,,,,,,,,,,
,cn-fin-0006,招商银行股份有限公司,pending_dynamic_js,,False,,,,,https://career.cmbchina.com/,True,,,2026-07-13T12:05:00Z,,页面标题为招商银行招聘，并明确提示需要启用JavaScript。,javascript_required,,,,,,,,,,,,,,,,,,,,,,,,,,,,,,,,,,,,,,
,cn-fin-0007,中国平安保险（集团）股份有限公司,pending_dynamic_js,,False,,,,,https://talent.pingan.com/,True,,,2026-07-13T12:05:00Z,,人才入口可访问且页面标题为中国平安，但当前抓取器未取得岗位列表正文。,dynamic_javascript_or_api_enumeration_not_yet_implemented,,,,,,,,,,,,,,,,,,,,,,,,,,,,,,,,,,,,,,
,cn-fin-0008,中国人民保险集团股份有限公司,pending_dynamic_js,,False,,,,,https://picc.zhiye.com/,True,,,2026-07-13T12:05:00Z,,页面标题为中国人民保险招聘，但当前抓取器未取得岗位列表正文。,dynamic_javascript_or_api_enumeration_not_yet_implemented,,,,,,,,,,,,,,,,,,,,,,,,,,,,,,,,,,,,,,
,cn-fin-0009,中国中信集团有限公司,pending_dynamic_js,,False,,,,,https://job.citic.com/recruit,True,,,2026-07-13T12:05:00Z,,job.citic.com重定向至/recruit，页面标题为中信集团人才招聘系统。,dynamic_javascript_or_api_enumeration_not_yet_implemented,,,,,,,,,,,,,,,,,,,,,,,,,,,,,,,,,,,,,,
,cn-fin-0010,中国人寿保险（集团）公司,entry_candidate_timeout,,False,,,,,https://www.chinalife.com.cn/chinalife/zhaopin/,False,,,2026-07-13T12:05:00Z,,2026-07-13访问候选官方招聘路径超时。未绕过限制，未作无岗位结论。,timeout,,,,,,,,,,,,,,,,,,,,,,,,,,,,,,,,,,,,,,
,cn-soe-0011,中国核工业集团有限公司,partial_page_1_of_40,,False,,,,,https://cnnc.zhiye.com/,True,,,2026-07-13T12:30:00Z,,官方社会招聘页公开展示岗位名称、招聘单位、地点、发布日期、岗位职责、任职要求和立即投递入口。,,社会招聘共40页，本批仅完成第1页10条岗位；校园招聘、实习招聘及其余社会招聘页面尚未完整枚举。,"[""https://cnnc.zhiye.com/shehui2025""]",40,10,立即投递,2026-07-08,首屏岗位未披露薪酬,,,,,,,,,,,,,,,,,,,,,,,,,,,,,,,
,cn-soe-0012,中国航天科工集团有限公司,social_pages_1_3_structured_page_4_retry_required_plus_headquarters_and_overseas_complete,,False,,,,,https://casic.zhiye.com/,True,,,2026-07-13T13:20:00Z,,社会招聘第1至3页已按岗位编号去重并结构化；总部招聘页明确无任何在招职位；海外专项1条已结构化。,,社会招聘第4页访问失败需重试；校园招聘尚未完整枚举；旧岗位仍显示立即申请的14条需人工时效复核。,"[""https://casic.zhiye.com/szlist"", ""https://casic.zhiye.com/szlist/?PageIndex=2"", ""https://casic.zhiye.com/szlist/?PageIndex=3"", ""https://casic.zhiye.com/zblist"", ""https://casic.zhiye.com/Overseaslist""]",,37,立即申请,,社会招聘和海外专项页披露为面议,4,3,36,22,14,1,1,0,1,1,transient_cache_miss,,,,,,,,,,,,,,,,,,,,
,cn-soe-0013,中国船舶集团有限公司,partial_social_and_campus_pages_1_4_plus_intern_complete,,False,,,,,https://cssc.zhiye.com/,True,,,2026-07-13T14:05:00Z,,官方网申系统链接中国船舶集团官网；社会招聘和校园招聘公开列出岗位，实习招聘页明确显示无任何在招职位。,,校园招聘第1页其余岗位和第5页、社会招聘剩余9条详情尚未完整结构化；动态总量需在完成时重新核对；50条旧岗位无截止日期或详情不完整，均需时效复核。,"[""https://cssc.zhiye.com/"", ""https://cssc.zhiye.com/Social"", ""https://cssc.zhiye.com/Campus"", ""https://cssc.zhiye.com/Intern""]",,,,,2条2026年社会招聘岗位官方披露25000-50000元/月，其余岗位显示面议或待详情复核；未推测薪酬。,,,,2,,,,,,,,13,4,66,5,"[2, 3, 4]",4,48,transient_cache_miss,J11958,52,50,0,现在申请,,,,,,,
,cn-soe-0014,国家电网有限公司,pending_search_api_or_browser,,False,https://zhaopin.sgcc.com.cn/sgcchr/static/home.html,,,,https://zhaopin.sgcc.com.cn/,True,,,2026-07-13T13:40:00Z,,平台页明确链接国家电网官网并提供单位一览、招聘公告和职位搜索。,,默认未筛选页面0条不能证明无岗位；需按年度、批次、单位或公开接口完整枚举。,"[""https://zhaopin.sgcc.com.cn/sgcchr/static/home.html"", ""https://zhaopin.sgcc.com.cn/sgcchr/static/recrAument.html"", ""https://zhaopin.sgcc.com.cn/sgcchr/static/jobSearch.html"", ""https://zhaopin.sgcc.com.cn/sgcchr/static/comyAument.html""]",,,,,,,,,,,,,,,,,,,,,,,,,,,,,,"[""单位一览"", ""搜索职位"", ""公司公告"", ""招聘公告"", ""调剂公告"", ""招聘动态""]",0,0,0,,,
,cn-soe-0015,中国航空工业集团有限公司,official_talent_page_no_positions_enumerated,,False,,,,,https://www.avic.com.cn/sycd/rczp/,True,,,2026-07-13T12:45:00Z,,集团官方网站导航和人才招聘页面均可公开访问，页面包含人才理念、职业管理、职业发展、教育培训及薪酬福利栏目。,,集团人才招聘栏目未直接列出具体岗位；需继续核验所属单位公开招聘入口。自动抓取返回HTTP 405，未绕过访问限制。,"[""https://www.avic.com.cn/sycd/rczp/""]",,0,,,集团人才栏目仅介绍薪酬福利机制，未披露具体岗位薪酬,,,,,,,,,,,,,,,,,,,,,,,,,,,,,official_site_browser,,
,cn-soe-0016,中国电子科技集团有限公司,official_announcements_list_requires_member_unit_followup,,False,,,,,https://www.cetc.com.cn/zgdk/1593022/1592495/index.html,True,,,2026-07-13T12:45:00Z,,集团官方网站招聘及公告栏目可访问，公开列示2026届校园招聘启动公告；自动抓取HTTP 200，未发现可直接枚举的岗位链接。,,集团公告页未直接枚举当前仍可申请岗位、职责、要求和唯一岗位详情URL；需继续核验成员单位招聘页及申请入口。,"[""https://www.cetc.com.cn/zgdk/1593022/1592495/index.html"", ""https://www.cetc.com.cn/zgdk/1593022/1592495/2108992/index.html""]",,0,,,官方公告页未披露具体岗位薪酬,,,,,,,,,,,,,,,,,,,,,,,,,,,,,official_site_browser_and_http_200,中国电科2026届校园招聘正式启动,2025-09-08
