observed_at,company_id,stage,reason_code,source_url,retryable,affected_job_codes,handling,company_name,http_status,reason,url,details,remaining_scope,retry_policy,blocking_scope,retry_required
2026-07-13T12:15:00Z,cn-fin-0001,job_enumeration,client_rendered_no_text_jobs,https://job.icbc.com.cn/,True,,,,,,,,,,,
2026-07-13T12:15:00Z,cn-fin-0002,job_enumeration,client_rendered_no_text_jobs,https://job.ccb.com/,True,,,,,,,,,,,
2026-07-13T12:15:00Z,cn-fin-0003,entry_verification,no_auditable_page_content_this_run,https://career.abchina.com/,True,,,,,,,,,,,
2026-07-13T12:16:00Z,cn-fin-0005,job_enumeration,client_rendered_no_text_jobs,https://job.bankcomm.com/,True,,,,,,,,,,,
2026-07-13T12:16:00Z,cn-fin-0006,job_enumeration,javascript_required,https://career.cmbchina.com/,True,,,,,,,,,,,
2026-07-13T12:16:00Z,cn-fin-0007,job_enumeration,client_rendered_no_text_jobs,https://talent.pingan.com/,True,,,,,,,,,,,
2026-07-13T12:17:00Z,cn-fin-0009,job_enumeration,client_rendered_no_text_jobs,https://job.citic.com/recruit,True,,,,,,,,,,,
2026-07-13T12:17:00Z,cn-fin-0010,entry_verification,official_page_timeout,https://www.chinalife.com.cn/chinalife/zhaopin/,True,,,,,,,,,,,
2026-07-13T12:20:00Z,cn-soe-0011,source_url_resolution,listing_exposes_job_code_but_not_canonical_detail_href_in_text_capture,https://cnnc.zhiye.com/shehui2025,True,"[""J29415"", ""J29414"", ""J29413"", ""J29059"", ""J28221"", ""J29398"", ""J29397"", ""J29396"", ""J29391"", ""J28885""]",,,,,,,,,,
2026-07-13T12:24:00Z,,crawler_runtime_probe,github_actions_probe_not_materialized,https://github.com/maudwolfe56-eng/lietoula-bridge/tree/research/company1000-crawler-20260713,True,,,,,,,,,,,
2026-07-13T13:20:00Z,cn-soe-0013,pagination,campus_page_5_cache_miss,https://cssc.zhiye.com/campus/?PageIndex=5,True,,,,,,,,,,,
2026-07-13T13:20:00Z,cn-soe-0014,job_enumeration,filter_driven_platform_default_zero_not_conclusive,https://zhaopin.sgcc.com.cn/sgcchr/static/recrAument.html,True,,,,,,,,,,,
2026-07-13T13:20:00Z,cn-soe-0015,runner_entry_fetch,http_405_access_blocked_in_runner,https://www.avic.com.cn/sycd/rczp/,True,,official browser-visible talent page retained; member-unit enumeration pending,,,,,,,,,
2026-07-13T12:03:00.001568+00:00,cn-fin-0001,,,,,,,中国工商银行股份有限公司,,fetch_failed,https://job.icbc.com.cn/,,,,,
2026-07-13T12:03:00.880686+00:00,cn-fin-0002,,,,,,,中国建设银行股份有限公司,,fetch_failed,https://job.ccb.com/,,,,,
2026-07-13T12:03:01.664356+00:00,cn-fin-0003,,,,,,,中国农业银行股份有限公司,,fetch_failed,https://career.abchina.com/,,,,,
2026-07-13T12:03:05.378249+00:00,cn-fin-0005,,,,,,,交通银行股份有限公司,,fetch_failed,https://job.bankcomm.com/,,,,,
2026-07-13T12:03:07.305916+00:00,cn-fin-0006,,,,,,,招商银行股份有限公司,200,pending_dynamic_js,https://career.cmbchina.com/,,,,,
2026-07-13T12:03:09.673513+00:00,cn-fin-0008,,,,,,,中国人民保险集团股份有限公司,403,restricted,https://picc.zhiye.com/,,,,,
2026-07-13T12:03:11.135830+00:00,cn-fin-0009,,,,,,,中国中信集团有限公司,,fetch_failed,https://job.citic.com/recruit,,,,,
2026-07-13T12:03:12.113526+00:00,cn-fin-0010,,,,,,,中国人寿保险（集团）公司,,fetch_failed,https://www.chinalife.com.cn/chinalife/zhaopin/,,,,,
2026-07-13T12:27:35.556814+00:00,cn-soe-0013,,,,,,,中国船舶集团有限公司,403,restricted,https://cssc.zhiye.com/,,,,,
2026-07-13T12:53:37.694353+00:00,cn-soe-0017,,,,,,,中国石油天然气集团有限公司,412,pending_dynamic_js,https://zhaopin.cnpc.com.cn/,,,,,
2026-07-13T12:53:38.978717+00:00,cn-soe-0018,,,,,,,中国石油化工集团有限公司,200,pending_dynamic_js,https://job.sinopec.com/,,,,,
2026-07-13T12:53:40.013757+00:00,cn-soe-0019,,,,,,,中国海洋石油集团有限公司,403,restricted,https://cnooc.zhiye.com/,,,,,
2026-07-13T12:53:41.825836+00:00,cn-soe-0020,,,,,,,国家能源投资集团有限责任公司,200,pending_dynamic_js,https://zhaopin.chnenergy.com.cn/,,,,,
2026-07-13T12:54:57.273474+00:00,cn-soe-0021,,,,,,,中国南方电网有限责任公司,,fetch_failed,https://zhaopin.csg.cn/,,,,,
2026-07-13T12:54:58.290560+00:00,cn-soe-0022,,,,,,,中国华能集团有限公司,403,restricted,https://chng.zhiye.com/,,,,,
2026-07-13T12:54:59.326901+00:00,cn-soe-0023,,,,,,,中国大唐集团有限公司,403,restricted,https://cdt.zhiye.com/,,,,,
2026-07-13T12:55:00.457046+00:00,cn-soe-0024,,,,,,,中国华电集团有限公司,403,restricted,https://chd.zhiye.com/,,,,,
2026-07-13T12:55:01.715632+00:00,cn-soe-0025,,,,,,,国家电力投资集团有限公司,403,restricted,https://spic.zhiye.com/,,,,,
2026-07-13T12:55:02.827195+00:00,cn-soe-0026,,,,,,,中国长江三峡集团有限公司,403,restricted,https://ctg.zhiye.com/,,,,,
2026-07-13T13:37:44.717543+00:00,cn-soe-0027,,,,,,,中国移动通信集团有限公司,,fetch_failed,https://job.10086.cn/,,,,,
2026-07-13T13:37:47.542235+00:00,cn-soe-0028,,,,,,,中国电信集团有限公司,412,pending_dynamic_js,https://job.chinatelecom.com.cn/,,,,,
2026-07-13T13:37:48.176282+00:00,cn-soe-0029,,,,,,,中国联合网络通信集团有限公司,403,restricted,https://chinaunicom.zhaopin.com/,,,,,
2026-07-13T13:37:48.808302+00:00,cn-soe-0030,,,,,,,中国邮政集团有限公司,403,restricted,https://chinapost.zhaopin.com/,,,,,
2026-07-13T13:37:49.766628+00:00,cn-soe-0031,,,,,,,中国建筑集团有限公司,403,restricted,https://cscec.zhiye.com/,,,,,
2026-07-13T13:37:50.920341+00:00,cn-soe-0032,,,,,,,中国中铁股份有限公司,403,restricted,https://crec.zhiye.com/,,,,,
2026-07-13T13:37:53.339552+00:00,cn-soe-0034,,,,,,,中国交通建设集团有限公司,403,restricted,https://cccc.zhiye.com/,,,,,
2026-07-13T13:37:54.402898+00:00,cn-soe-0035,,,,,,,中国中车集团有限公司,403,restricted,https://crrc.zhiye.com/,,,,,
2026-07-13T13:37:55.653223+00:00,cn-soe-0036,,,,,,,中国宝武钢铁集团有限公司,403,restricted,https://baowu.zhiye.com/,,,,,
2026-07-13T13:40:32.740290+00:00,cn-soe-0037,,,,,,,鞍钢集团有限公司,403,restricted,https://ansteel.zhiye.com/,,,,,
2026-07-13T13:40:33.985121+00:00,cn-soe-0038,,,,,,,中国五矿集团有限公司,403,restricted,https://minmetals.zhiye.com/,,,,,
2026-07-13T13:40:35.256609+00:00,cn-soe-0039,,,,,,,中国铝业集团有限公司,403,restricted,https://chinalco.zhiye.com/,,,,,
2026-07-13T13:40:36.480829+00:00,cn-soe-0040,,,,,,,中国建材集团有限公司,403,restricted,https://cnbm.zhiye.com/,,,,,
2026-07-13T13:40:37.727135+00:00,cn-soe-0041,,,,,,,中国机械工业集团有限公司,403,restricted,https://sinomach.zhiye.com/,,,,,
2026-07-13T13:40:39.172803+00:00,cn-soe-0042,,,,,,,中国通用技术（集团）控股有限责任公司,403,restricted,https://genertec.zhiye.com/,,,,,
2026-07-13T13:40:40.326012+00:00,cn-soe-0043,,,,,,,华润（集团）有限公司,403,restricted,https://crc.zhiye.com/,,,,,
2026-07-13T13:40:41.520629+00:00,cn-soe-0044,,,,,,,招商局集团有限公司,403,restricted,https://cmhk.zhiye.com/,,,,,
2026-07-13T13:40:42.666143+00:00,cn-soe-0045,,,,,,,中国保利集团有限公司,403,restricted,https://poly.zhiye.com/,,,,,
2026-07-13T13:40:43.886712+00:00,cn-soe-0046,,,,,,,中国医药集团有限公司,403,restricted,https://sinopharm.zhiye.com/,,,,,
2026-07-13T13:41:15.419677+00:00,cn-soe-0047,,,,,,,中粮集团有限公司,403,restricted,https://cofco.zhiye.com/,,,,,
2026-07-13T13:41:16.549716+00:00,cn-soe-0048,,,,,,,中国远洋海运集团有限公司,403,restricted,https://coscoshipping.zhiye.com/,,,,,
2026-07-13T13:50:50.759547+00:00,cn-tech-0051,,,,,,,腾讯控股有限公司,200,pending_dynamic_js,https://careers.tencent.com/,,,,,
2026-07-13T13:50:51.661422+00:00,cn-tech-0052,,,,,,,阿里巴巴集团控股有限公司,200,pending_dynamic_js,https://talent.alibaba.com/,,,,,
2026-07-13T13:50:56.887630+00:00,cn-tech-0054,,,,,,,北京字节跳动科技有限公司,200,pending_dynamic_js,https://jobs.bytedance.com/,,,,,
2026-07-13T13:50:57.971060+00:00,cn-tech-0055,,,,,,,北京三快在线科技有限公司,200,pending_dynamic_js,https://zhaopin.meituan.com/,,,,,
2026-07-13T13:50:59.553324+00:00,cn-tech-0056,,,,,,,百度在线网络技术（北京）有限公司,200,pending_dynamic_js,https://talent.baidu.com/jobs/social,,,,,
2026-07-13T13:51:01.976012+00:00,cn-tech-0057,,,,,,,华为投资控股有限公司,200,pending_dynamic_js,https://career.huawei.com/cn,,,,,
2026-07-13T13:51:29.342416+00:00,cn-log-0059,,,,,,,顺丰控股股份有限公司,,fetch_failed,https://hr.sf-express.com/,,,,,
2026-07-13T13:51:32.687894+00:00,cn-tech-0060,,,,,,,北京小桔科技有限公司,200,pending_dynamic_js,https://talent.didiglobal.com/,,,,,
2026-07-13T14:37:27.463072+00:00,cn-auto-0062,,,,,,,宁德时代新能源科技股份有限公司,,fetch_failed,https://career.catl.com/,,,,,
2026-07-13T14:37:29.900404+00:00,cn-tech-0064,,,,,,,OPPO广东移动通信有限公司,200,pending_dynamic_js,https://careers.oppo.com/,,,,,
2026-07-13T14:37:31.298134+00:00,cn-tech-0065,,,,,,,维沃移动通信有限公司,200,pending_dynamic_js,https://hr.vivo.com/,,,,,
2026-07-13T14:37:43.953504+00:00,cn-mfg-0067,,,,,,,美的集团股份有限公司,200,pending_dynamic_js,https://careers.midea.com/,,,,,
2026-07-13T14:37:44.160760+00:00,cn-auto-0068,,,,,,,浙江吉利控股集团有限公司,,fetch_failed,https://hr.geely.com/,,,,,
2026-07-13T14:37:45.362289+00:00,cn-auto-0069,,,,,,,上海蔚来汽车有限公司,,fetch_failed,https://jobs.nio.com/,,,,,
2026-07-13T14:37:49.482851+00:00,cn-auto-0070,,,,,,,北京车和家信息技术有限公司,403,restricted,https://www.lixiang.com/careers,,,,,
2026-07-13T14:37:50.776778+00:00,cn-tech-0071,,,,,,,网易（杭州）网络有限公司,200,pending_dynamic_js,https://hr.163.com/,,,,,
2026-07-13T14:37:53.179386+00:00,cn-tech-0072,,,,,,,北京快手科技有限公司,200,pending_dynamic_js,https://zhaopin.kuaishou.cn/,,,,,
2026-07-13T14:37:55.924211+00:00,cn-tech-0074,,,,,,,上海宽娱数码科技有限公司,200,pending_dynamic_js,https://jobs.bilibili.com/,,,,,
2026-07-13T14:37:57.717248+00:00,cn-fin-0075,,,,,,,蚂蚁科技集团股份有限公司,200,pending_dynamic_js,https://talent.antgroup.com/,,,,,
2026-07-13T14:37:58.276160+00:00,cn-travel-0076,,,,,,,携程集团有限公司,200,pending_dynamic_js,https://careers.trip.com/,,,,,
2026-07-13T14:37:59.709630+00:00,cn-tech-0077,,,,,,,京东方科技集团股份有限公司,403,restricted,https://career.boe.com/,,,,,
2026-07-13T14:38:00.810142+00:00,cn-mfg-0078,,,,,,,三一集团有限公司,403,restricted,https://sany.zhiye.com/,,,,,
2026-07-13T14:38:25.975673+00:00,cn-tech-0079,,,,,,,TCL科技集团股份有限公司,,fetch_failed,https://career.tcl.com/,,,,,
2026-07-13T14:38:26.225708+00:00,cn-auto-0080,,,,,,,长城汽车股份有限公司,,fetch_failed,https://career.gwm.com.cn/,,,,,
2026-07-13T14:41:16.786520+00:00,cn-auto-0081,,,,,,,上海汽车集团股份有限公司,403,restricted,https://saicmotor.zhiye.com/,,,,,
2026-07-13T14:41:17.890612+00:00,cn-auto-0082,,,,,,,广州汽车集团股份有限公司,403,restricted,https://gac.zhiye.com/,,,,,
2026-07-13T14:41:19.051787+00:00,cn-auto-0083,,,,,,,东风汽车集团有限公司,403,restricted,https://dfmc.zhiye.com/,,,,,
2026-07-13T14:41:20.202239+00:00,cn-auto-0084,,,,,,,中国第一汽车集团有限公司,403,restricted,https://faw.zhiye.com/,,,,,
2026-07-13T14:41:21.617996+00:00,cn-auto-0085,,,,,,,重庆长安汽车股份有限公司,403,restricted,https://changan.zhiye.com/,,,,,
2026-07-13T14:41:21.791952+00:00,cn-auto-0086,,,,,,,广州小鹏汽车科技有限公司,,fetch_failed,https://job.xiaopeng.com/,,,,,
2026-07-13T14:41:22.935589+00:00,cn-auto-0087,,,,,,,浙江零跑科技股份有限公司,403,restricted,https://leapmotor.zhiye.com/,,,,,
2026-07-13T14:41:24.012833+00:00,cn-auto-0088,,,,,,,赛力斯集团股份有限公司,403,restricted,https://seres.zhiye.com/,,,,,
2026-07-13T14:41:26.481127+00:00,cn-mfg-0090,,,,,,,珠海格力电器股份有限公司,403,restricted,https://gree.zhiye.com/,,,,,
2026-07-13T14:41:29.104598+00:00,cn-mfg-0092,,,,,,,创维集团有限公司,403,restricted,https://skyworth.zhiye.com/,,,,,
2026-07-13T14:41:29.263823+00:00,cn-tech-0093,,,,,,,科大讯飞股份有限公司,,fetch_failed,https://job.iflytek.com/,,,,,
2026-07-13T14:41:29.901268+00:00,cn-tech-0095,,,,,,,杭州海康威视数字技术股份有限公司,,fetch_failed,https://career.hikvision.com/,,,,,
2026-07-13T14:41:30.984941+00:00,cn-tech-0096,,,,,,,浙江大华技术股份有限公司,403,restricted,https://dahua.zhiye.com/,,,,,
2026-07-13T14:41:32.227780+00:00,cn-health-0097,,,,,,,深圳迈瑞生物医疗电子股份有限公司,403,restricted,https://career.mindray.com/,,,,,
2026-07-13T14:41:33.392107+00:00,cn-health-0098,,,,,,,无锡药明康德新药开发股份有限公司,403,restricted,https://wuxiapptec.zhiye.com/,,,,,
2026-07-13T14:41:34.499340+00:00,cn-health-0099,,,,,,,江苏恒瑞医药股份有限公司,403,restricted,https://hrs.zhiye.com/,,,,,
2026-07-13T14:41:35.814391+00:00,cn-hold-0100,,,,,,,复星国际有限公司,403,restricted,https://fosun.zhiye.com/,,,,,
2026-07-13T15:09:14.367790+00:00,cn-soe-0029,,,,,,,中国建筑集团有限公司,403,restricted,https://cscec.zhiye.com/,,,,,
2026-07-13T15:09:15.530653+00:00,cn-soe-0030,,,,,,,中国交通建设集团有限公司,403,restricted,https://ccccltd.zhiye.com/,,,,,
2026-07-13T15:09:17.008669+00:00,cn-soe-0031,,,,,,,中国铁路工程集团有限公司,403,restricted,https://crec.zhiye.com/,,,,,
2026-07-13T15:09:18.117525+00:00,cn-soe-0032,,,,,,,中国铁道建筑集团有限公司,403,restricted,https://crcc.zhiye.com/,,,,,
2026-07-13T15:09:19.493154+00:00,cn-soe-0033,,,,,,,中国第一汽车集团有限公司,403,restricted,https://faw.zhiye.com/,,,,,
2026-07-13T15:09:20.912382+00:00,cn-soe-0034,,,,,,,东风汽车集团有限公司,403,restricted,https://dfmc.zhiye.com/,,,,,
2026-07-13T15:09:22.039792+00:00,cn-soe-0035,,,,,,,中国宝武钢铁集团有限公司,403,restricted,https://baowu.zhiye.com/,,,,,
2026-07-13T15:09:23.358378+00:00,cn-soe-0036,,,,,,,鞍钢集团有限公司,403,restricted,https://ansteel.zhiye.com/,,,,,
2026-07-13T16:44:40.230827+00:00,cn-soe-0037,,,,,,,中国五矿集团有限公司,403,restricted,https://minmetals.zhiye.com/,,,,,
2026-07-13T17:05:59.346127+00:00,cn-soe-0038,,,,,,,中国铝业集团有限公司,403,restricted,https://chinalco.zhiye.com/,,,,,
2026-07-13T16:59:32.415240+00:00,cn-soe-0039,,,,,,,中国远洋海运集团有限公司,403,restricted,https://coscoshipping.zhiye.com/,,,,,
2026-07-13T16:47:49.860125+00:00,cn-soe-0040,,,,,,,招商局集团有限公司,403,restricted,https://cmhk.zhiye.com/,,,,,
2026-07-13T16:44:44.388160+00:00,cn-soe-0041,,,,,,,华润（集团）有限公司,403,restricted,https://crc.zhiye.com/,,,,,
2026-07-13T17:53:24.303944+00:00,cn-soe-0042,,,,,,,中国机械工业集团有限公司,403,restricted,https://sinomach.zhiye.com/,,,,,
2026-07-13T16:47:50.597504+00:00,cn-soe-0043,,,,,,,中国通用技术（集团）控股有限责任公司,403,restricted,https://genertec.zhiye.com/,,,,,
2026-07-13T17:04:37.510298+00:00,cn-soe-0044,,,,,,,中国建材集团有限公司,403,restricted,https://cnbm.zhiye.com/,,,,,
2026-07-13T16:54:26.100352+00:00,cn-soe-0045,,,,,,,中国能源建设集团有限公司,403,restricted,https://ceec.zhiye.com/,,,,,
2026-07-13T17:51:20.308709+00:00,cn-soe-0046,,,,,,,中国电力建设集团有限公司,403,restricted,https://powerchina.zhiye.com/,,,,,
2026-07-13T16:44:00.534176+00:00,cn-fin-0101,,,,,,,中国邮政集团有限公司,,fetch_failed,https://job.chinapost.com.cn/,,,,,
2026-07-13T16:44:02.066250+00:00,cn-fin-0103,,,,,,,中国光大银行股份有限公司,,fetch_failed,https://career.cebbank.com/,,,,,
2026-07-13T16:44:03.203335+00:00,cn-fin-0104,,,,,,,中国民生银行股份有限公司,200,pending_dynamic_js,https://career.cmbc.com.cn/,,,,,
2026-07-13T16:44:04.482575+00:00,cn-fin-0105,,,,,,,兴业银行股份有限公司,200,pending_dynamic_js,https://job.cib.com.cn/,,,,,
2026-07-13T16:44:06.112533+00:00,cn-fin-0106,,,,,,,上海浦东发展银行股份有限公司,200,restricted,https://job.spdb.com.cn/,,,,,
2026-07-13T16:44:06.760687+00:00,cn-fin-0107,,,,,,,华夏银行股份有限公司,,fetch_failed,https://zhaopin.hxb.com.cn/,,,,,
2026-07-13T17:51:20.632904+00:00,cn-fin-0110,,,,,,,北京银行股份有限公司,403,restricted,https://bankofbeijing.zhiye.com/,,,,,
2026-07-13T17:51:21.162520+00:00,cn-fin-0111,,,,,,,上海银行股份有限公司,403,restricted,https://bosc.zhiye.com/,,,,,
2026-07-13T17:51:22.554328+00:00,cn-fin-0112,,,,,,,江苏银行股份有限公司,403,restricted,https://jsbchina.zhiye.com/,,,,,
2026-07-13T17:51:21.249083+00:00,cn-fin-0113,,,,,,,南京银行股份有限公司,403,restricted,https://njcb.zhiye.com/,,,,,
2026-07-13T16:59:33.574282+00:00,cn-fin-0115,,,,,,,杭州银行股份有限公司,403,restricted,https://hzb.zhiye.com/,,,,,
2026-07-13T17:51:21.258668+00:00,cn-fin-0116,,,,,,,徽商银行股份有限公司,403,restricted,https://hsbank.zhiye.com/,,,,,
2026-07-13T16:44:19.605542+00:00,cn-fin-0117,,,,,,,中信银行股份有限公司,403,restricted,https://job.citicbank.com/,,,,,
2026-07-13T17:51:23.589757+00:00,cn-fin-0118,,,,,,,中国银河证券股份有限公司,403,restricted,https://chinastock.zhiye.com/,,,,,
2026-07-13T17:51:21.428279+00:00,cn-fin-0119,,,,,,,华泰证券股份有限公司,403,restricted,https://htsc.zhiye.com/,,,,,
2026-07-13T16:44:22.186729+00:00,cn-fin-0120,,,,,,,中国国际金融股份有限公司,,fetch_failed,https://career.cicc.com.cn/,,,,,
2026-07-13T16:44:38.064704+00:00,cn-soe-0011,,,,,,,中国核工业集团有限公司,403,restricted,https://cnnc.zhiye.com/,,,,,
2026-07-13T16:47:51.169557+00:00,cn-soe-0012,,,,,,,中国航天科工集团有限公司,403,restricted,https://casic.zhiye.com/,,,,,
2026-07-13T16:47:49.695946+00:00,cn-soe-0037,,,,,,,中国五矿集团有限公司,,fetch_failed,https://minmetals.zhiye.com/,,,,,
2026-07-13T16:47:49.680708+00:00,cn-soe-0041,,,,,,,华润（集团）有限公司,,fetch_failed,https://crc.zhiye.com/,,,,,
2026-07-13T16:48:38.670072+00:00,cn-soe-0040,,,,,,,招商局集团有限公司,,fetch_failed,https://cmhk.zhiye.com/,,,,,
2026-07-13T16:48:38.662053+00:00,cn-soe-0043,,,,,,,中国通用技术（集团）控股有限责任公司,,fetch_failed,https://genertec.zhiye.com/,,,,,
2026-07-13T17:51:21.607918+00:00,cn-soe-0121,,,,,,,中国航天科技集团有限公司,403,restricted,https://casc.zhiye.com/,,,,,
2026-07-13T17:02:21.842239+00:00,cn-soe-0122,,,,,,,中国兵器工业集团有限公司,403,restricted,https://norincogroup.zhiye.com/,,,,,
2026-07-13T17:51:21.757910+00:00,cn-soe-0123,,,,,,,中国兵器装备集团有限公司,403,restricted,https://csgc.zhiye.com/,,,,,
2026-07-13T16:53:01.704832+00:00,cn-soe-0124,,,,,,,中国电子信息产业集团有限公司,,fetch_failed,https://cec.zhiye.com/,,,,,
2026-07-13T17:51:22.315028+00:00,cn-soe-0125,,,,,,,中国广核集团有限公司,403,restricted,https://cgnpc.zhiye.com/,,,,,
2026-07-13T17:02:16.198646+00:00,cn-soe-0126,,,,,,,中国中化控股有限责任公司,403,restricted,https://sinochem.zhiye.com/,,,,,
2026-07-13T17:51:22.312667+00:00,cn-soe-0127,,,,,,,中国化学工程集团有限公司,403,restricted,https://cncec.zhiye.com/,,,,,
2026-07-13T17:38:42.114940+00:00,cn-soe-0128,,,,,,,中国保利集团有限公司,403,restricted,https://polygroup.zhiye.com/,,,,,
2026-07-13T17:06:02.371741+00:00,cn-soe-0130,,,,,,,华侨城集团有限公司,403,restricted,https://oct.zhiye.com/,,,,,
2026-07-13T17:51:22.385772+00:00,cn-soe-0131,,,,,,,中国节能环保集团有限公司,403,restricted,https://cecep.zhiye.com/,,,,,
2026-07-13T16:53:02.724658+00:00,cn-soe-0132,,,,,,,中国煤炭科工集团有限公司,,fetch_failed,https://ccteg.zhiye.com/,,,,,
2026-07-13T17:53:16.931177+00:00,cn-soe-0133,,,,,,,中国中煤能源集团有限公司,403,restricted,https://chinacoal.zhiye.com/,,,,,
2026-07-13T17:53:17.035958+00:00,cn-soe-0134,,,,,,,中国黄金集团有限公司,403,restricted,https://chinagoldgroup.zhiye.com/,,,,,
2026-07-13T17:53:17.010332+00:00,cn-soe-0135,,,,,,,中国盐业集团有限公司,403,restricted,https://chinasalt.zhiye.com/,,,,,
2026-07-13T17:53:17.006281+00:00,cn-soe-0136,,,,,,,中国林业集团有限公司,403,restricted,https://cfgc.zhiye.com/,,,,,
2026-07-13T17:38:43.387534+00:00,cn-soe-0137,,,,,,,中国医药集团有限公司,403,restricted,https://sinopharm.zhiye.com/,,,,,
2026-07-13T17:53:16.876722+00:00,cn-soe-0138,,,,,,,中国诚通控股集团有限公司,403,restricted,https://cctgroup.zhiye.com/,,,,,
2026-07-13T17:50:52.462971+00:00,cn-soe-0139,,,,,,,中国国新控股有限责任公司,403,restricted,https://crhc.zhiye.com/,,,,,
2026-07-13T16:59:35.551342+00:00,cn-soe-0140,,,,,,,国家开发投资集团有限公司,403,restricted,https://sdic.zhiye.com/,,,,,
2026-07-13T16:59:35.658973+00:00,cn-soe-0141,,,,,,,中国农业发展集团有限公司,403,restricted,https://cnadc.zhiye.com/,,,,,
2026-07-13T17:38:43.394470+00:00,cn-soe-0142,,,,,,,中国铁路物资集团有限公司,403,restricted,https://crm.zhiye.com/,,,,,
2026-07-13T17:53:16.960846+00:00,cn-soe-0144,,,,,,,中国民航信息集团有限公司,403,restricted,https://travelsky.zhiye.com/,,,,,
2026-07-13T16:53:18.945017+00:00,cn-soe-0145,,,,,,,中国航空油料集团有限公司,,fetch_failed,https://cnaf.zhiye.com/,,,,,
2026-07-13T16:53:19.635689+00:00,cn-soe-0146,,,,,,,中国航空器材集团有限公司,403,restricted,https://www.casc.com.cn/,,,,,
2026-07-13T17:38:44.415766+00:00,cn-soe-0147,,,,,,,中国商用飞机有限责任公司,403,restricted,https://comac.zhiye.com/,,,,,
2026-07-13T17:53:18.263434+00:00,cn-soe-0150,,,,,,,中国一重集团有限公司,403,restricted,https://cfhi.zhiye.com/,,,,,
2026-07-13T17:53:20.309173+00:00,cn-soe-0152,,,,,,,中国东方电气集团有限公司,403,restricted,https://dongfang.zhiye.com/,,,,,
2026-07-13T17:38:45.803453+00:00,cn-soe-0153,,,,,,,新兴际华集团有限公司,403,restricted,https://xxcig.zhiye.com/,,,,,
2026-07-13T17:04:36.478688+00:00,cn-soe-0154,,,,,,,中国汽车技术研究中心有限公司,403,restricted,https://catarc.zhiye.com/,,,,,
2026-07-13T17:02:20.910975+00:00,cn-soe-0155,,,,,,,中国信息通信科技集团有限公司,403,restricted,https://cict.zhiye.com/,,,,,
2026-07-13T17:34:47.297357+00:00,cn-soe-0156,,,,,,,中国融通资产管理集团有限公司,403,restricted,https://crta.zhiye.com/,,,,,
2026-07-13T17:53:18.065215+00:00,cn-soe-0157,,,,,,,中国检验认证（集团）有限公司,403,restricted,https://ccic.zhiye.com/,,,,,
2026-07-13T16:53:20.819256+00:00,cn-soe-0158,,,,,,,中国建筑科学研究院有限公司,,fetch_failed,https://www.cabr.com.cn/,,,,,
2026-07-13T16:58:01.473598+00:00,cn-soe-0159,,,,,,,中国国际技术智力合作集团有限公司,403,restricted,https://ciic.zhiye.com/,,,,,
2026-07-13T17:53:17.945193+00:00,cn-soe-0160,,,,,,,中国有研科技集团有限公司,403,restricted,https://grinm.zhiye.com/,,,,,
2026-07-13T17:53:17.951654+00:00,cn-soe-0161,,,,,,,中国钢研科技集团有限公司,403,restricted,https://cisri.zhiye.com/,,,,,
2026-07-13T16:59:32.493733+00:00,cn-soe-0162,,,,,,,矿冶科技集团有限公司,403,restricted,https://bgrimm.zhiye.com/,,,,,
2026-07-13T16:54:23.857800+00:00,cn-soe-0163,,,,,,,机械科学研究总院集团有限公司,,fetch_failed,https://www.cam.com.cn/,,,,,
2026-07-13T16:54:48.636097+00:00,cn-soe-0165,,,,,,,中国工艺集团有限公司,,fetch_failed,http://www.cnacgc.com/,,,,,
2026-07-13T16:54:48.239877+00:00,cn-soe-0166,,,,,,,中国安能建设集团有限公司,,fetch_failed,https://www.china-an.cn/,,,,,
2026-07-13T16:54:23.270515+00:00,cn-soe-0167,,,,,,,中国铁塔股份有限公司,,fetch_failed,https://zhaopin.china-tower.com/,,,,,
2026-07-13T16:54:24.698921+00:00,cn-soe-0168,,,,,,,中国联合网络通信集团有限公司,,fetch_failed,https://www.chinaunicom.com.cn/,,,,,
2026-07-13T16:54:23.642999+00:00,cn-soe-0169,,,,,,,中国广播电视网络集团有限公司,,fetch_failed,https://www.chinabtn.com/,,,,,
2026-07-13T16:54:24.936752+00:00,cn-soe-0170,,,,,,,中国卫通集团股份有限公司,,fetch_failed,https://www.chinasatcom.com/,,,,,
2026-07-13T16:56:20.460958+00:00,cn-soe-0045,,,,,,,中国能源建设集团有限公司,,fetch_failed,https://ceec.zhiye.com/,,,,,
2026-07-13T16:59:31.968172+00:00,cn-soe-0159,,,,,,,中国国际技术智力合作集团有限公司,,fetch_failed,https://ciic.zhiye.com/,,,,,
2026-07-13T16:59:56.206848+00:00,cn-soe-0039,,,,,,,中国远洋海运集团有限公司,,fetch_failed,https://coscoshipping.zhiye.com/,,,,,
2026-07-13T16:59:59.436839+00:00,cn-fin-0115,,,,,,,杭州银行股份有限公司,,fetch_failed,https://hzb.zhiye.com/,,,,,
2026-07-13T16:59:56.445090+00:00,cn-soe-0162,,,,,,,矿冶科技集团有限公司,,fetch_failed,https://bgrimm.zhiye.com/,,,,,
2026-07-13T17:02:16.867955+00:00,cn-soe-0140,,,,,,,国家开发投资集团有限公司,,fetch_failed,https://sdic.zhiye.com/,,,,,
2026-07-13T17:02:17.157505+00:00,cn-soe-0141,,,,,,,中国农业发展集团有限公司,,fetch_failed,https://cnadc.zhiye.com/,,,,,
2026-07-13T17:02:37.371467+00:00,cn-soe-0126,,,,,,,中国中化控股有限责任公司,,fetch_failed,https://sinochem.zhiye.com/,,,,,
2026-07-13T17:04:35.963116+00:00,cn-soe-0155,,,,,,,中国信息通信科技集团有限公司,,fetch_failed,https://cict.zhiye.com/,,,,,
2026-07-13T17:05:37.121763+00:00,cn-soe-0122,,,,,,,中国兵器工业集团有限公司,,fetch_failed,https://norincogroup.zhiye.com/,,,,,
2026-07-13T17:05:58.648677+00:00,cn-soe-0044,,,,,,,中国建材集团有限公司,,fetch_failed,https://cnbm.zhiye.com/,,,,,
2026-07-13T17:05:58.632452+00:00,cn-soe-0154,,,,,,,中国汽车技术研究中心有限公司,,fetch_failed,https://catarc.zhiye.com/,,,,,
2026-07-13T17:08:22.987783+00:00,cn-ins-0173,,,,,,,中国出口信用保险公司,,fetch_failed,https://www.sinosure.com.cn/,,,,,
2026-07-13T17:08:24.917656+00:00,cn-fin-0187,,,,,,,中国证券金融股份有限公司,,fetch_failed,https://www.csf.com.cn/,,,,,
2026-07-13T17:08:26.410104+00:00,cn-sec-0190,,,,,,,中信建投证券股份有限公司,200,pending_dynamic_js,https://www.csc108.com/,,,,,
2026-07-13T17:53:19.818327+00:00,cn-sec-0192,,,,,,,广发证券股份有限公司,403,restricted,https://www.gf.com.cn/,,,,,
2026-07-13T17:08:26.386388+00:00,cn-sec-0193,,,,,,,国信证券股份有限公司,,fetch_failed,https://www.guosen.com.cn/,,,,,
2026-07-13T17:08:26.095533+00:00,cn-sec-0195,,,,,,,光大证券股份有限公司,,fetch_failed,https://www.ebscn.com/,,,,,
2026-07-13T17:50:56.099028+00:00,cn-sec-0197,,,,,,,申万宏源证券有限公司,403,restricted,https://www.swhysc.com/,,,,,
2026-07-13T17:08:27.166346+00:00,cn-sec-0198,,,,,,,国泰海通证券股份有限公司,,fetch_failed,https://www.gtht.com/,,,,,
2026-07-13T17:08:27.408139+00:00,cn-sec-0200,,,,,,,方正证券股份有限公司,,fetch_failed,https://www.foundersc.com/,,,,,
2026-07-13T17:53:19.827501+00:00,cn-sec-0201,,,,,,,国金证券股份有限公司,403,restricted,https://gjzq.zhiye.com/,,,,,
2026-07-13T17:08:29.165786+00:00,cn-sec-0203,,,,,,,浙商证券股份有限公司,412,pending_dynamic_js,https://www.stocke.com.cn/,,,,,
2026-07-13T17:08:29.998702+00:00,cn-sec-0205,,,,,,,南京证券股份有限公司,403,restricted,https://www.njzq.com.cn/,,,,,
2026-07-13T17:08:28.694793+00:00,cn-sec-0206,,,,,,,长江证券股份有限公司,,fetch_failed,https://www.95579.com/,,,,,
2026-07-13T17:08:38.038091+00:00,cn-sec-0208,,,,,,,西部证券股份有限公司,,fetch_failed,https://www.westsecu.com/,,,,,
2026-07-13T17:35:54.118066+00:00,cn-sec-0212,,,,,,,中原证券股份有限公司,403,restricted,https://www.ccnew.com/,,,,,
2026-07-13T17:08:55.255887+00:00,cn-sec-0214,,,,,,,财达证券股份有限公司,,fetch_failed,https://www.s10000.com/,,,,,
2026-07-13T17:08:31.022865+00:00,cn-sec-0215,,,,,,,红塔证券股份有限公司,403,restricted,https://wecruit.hotjob.cn/,,,,,
2026-07-13T17:09:13.918169+00:00,cn-soe-0038,,,,,,,中国铝业集团有限公司,,fetch_failed,https://chinalco.zhiye.com/,,,,,
2026-07-13T17:09:13.997654+00:00,cn-sec-0218,,,,,,,湘财证券股份有限公司,,fetch_failed,https://www.xcsc.com/,,,,,
2026-07-13T17:09:20.546835+00:00,cn-sec-0219,,,,,,,国联民生证券股份有限公司,200,pending_dynamic_js,https://www.glsc.com.cn/,,,,,
2026-07-13T17:34:44.408575+00:00,cn-soe-0130,,,,,,,华侨城集团有限公司,,fetch_failed,https://oct.zhiye.com/,,,,,
2026-07-13T17:38:44.264511+00:00,cn-soe-0156,,,,,,,中国融通资产管理集团有限公司,,fetch_failed,https://crta.zhiye.com/,,,,,
2026-07-13T17:41:26.520569+00:00,cn-soe-0029-e0001,,,,,,,中国联合网络通信集团有限公司,403,restricted,https://chinaunicom.zhaopin.com/,,,,,
2026-07-13T17:41:26.789084+00:00,cn-soe-0030-e0001,,,,,,,中国邮政集团有限公司,403,restricted,https://chinapost.zhaopin.com/,,,,,
2026-07-13T17:41:27.328690+00:00,cn-soe-0032-e0001,,,,,,,中国中铁股份有限公司,403,restricted,https://crec.zhiye.com/,,,,,
2026-07-13T17:41:24.077853+00:00,cn-soe-0153,,,,,,,新兴际华集团有限公司,,fetch_failed,https://xxcig.zhiye.com/,,,,,
2026-07-13T17:51:20.092450+00:00,cn-soe-0033-e0001,,,,,,,中国铁建股份有限公司,403,restricted,https://crcc.zhiye.com/,,,,,
2026-07-13T17:51:20.104924+00:00,cn-soe-0035-e0001,,,,,,,中国中车集团有限公司,403,restricted,https://crrc.zhiye.com/,,,,,
2026-07-13T17:51:20.138731+00:00,cn-soe-0045-e0001,,,,,,,中国保利集团有限公司,403,restricted,https://poly.zhiye.com/,,,,,
2026-07-13T17:45:02.943328+00:00,cn-soe-0046-e0001,,,,,,,中国医药集团有限公司,,fetch_failed,https://sinopharm.zhiye.com/,,,,,
2026-07-13T17:50:51.657989+00:00,cn-soe-0142,,,,,,,中国铁路物资集团有限公司,,fetch_failed,https://crm.zhiye.com/,,,,,
2026-07-13T17:50:51.694677+00:00,cn-soe-0147,,,,,,,中国商用飞机有限责任公司,,fetch_failed,https://comac.zhiye.com/,,,,,
2026-07-13T17:53:20.286066+00:00,cn-health-0221,,,,,,,上海复星医药（集团）股份有限公司,403,restricted,https://fosunpharma.zhiye.com/index,,,,,
2026-07-13T17:53:20.870286+00:00,cn-food-0228,,,,,,,泸州老窖股份有限公司,403,restricted,http://job.lzlj.com/,,,,,
2026-07-13T17:50:56.324378+00:00,cn-food-0229,,,,,,,青岛啤酒股份有限公司,200,pending_dynamic_js,https://www.tsingtao.com.cn/,,,,,
2026-07-13T17:53:20.421363+00:00,cn-food-0231,,,,,,,中国蒙牛乳业有限公司,403,restricted,https://mengniu.zhiye.com/,,,,,
2026-07-13T17:50:56.760487+00:00,cn-food-0235,,,,,,,达利食品集团有限公司,,fetch_failed,https://www.dali-group.com/,,,,,
2026-07-13T17:50:56.650842+00:00,cn-chip-0238,,,,,,,长鑫科技集团股份有限公司,,fetch_failed,https://jobs.cxmt.com/,,,,,
2026-07-13T17:50:57.817267+00:00,cn-elec-0240,,,,,,,闻泰科技股份有限公司,,fetch_failed,https://jobs.wingtech.com/,,,,,
2026-07-13T17:51:00.894657+00:00,cn-energy-0245,,,,,,,通威集团有限公司,403,restricted,https://www.tongwei.com.cn/,,,,,
2026-07-13T17:51:19.561575+00:00,cn-soe-0032-e0001,,,,,,,中国中铁股份有限公司,,fetch_failed,https://crec.zhiye.com/,,,,,
2026-07-13T17:53:18.848396+00:00,cn-soe-0139,,,,,,,中国国新控股有限责任公司,,fetch_failed,https://crhc.zhiye.com/,,,,,
2026-07-13T17:53:47.439127+00:00,cn-soe-0149,,,,,,,中国电气装备集团有限公司,,fetch_failed,https://www.cee-group.cn/,,,,,
2026-07-13T17:53:35.078084+00:00,cn-sec-0197,,,,,,,申万宏源证券有限公司,,fetch_failed,https://www.swhysc.com/,,,,,
2026-07-13T17:53:21.106836+00:00,cn-re-0251,,,,,,,万科企业股份有限公司,200,pending_dynamic_js,https://www.vanke.com/,,,,,
2026-07-13T17:53:21.163577+00:00,cn-re-0252,,,,,,,保利发展控股集团股份有限公司,403,restricted,https://polycareer.zhiye.com/,,,,,
2026-07-13T17:53:21.273310+00:00,cn-re-0253,,,,,,,招商局蛇口工业区控股股份有限公司,403,restricted,https://cmsk1979.zhiye.com/,,,,,
2026-07-13T17:53:21.508292+00:00,cn-re-0258,,,,,,,金地（集团）股份有限公司,,fetch_failed,https://www.gemdale.com/,,,,,
2026-07-13T17:53:22.919996+00:00,cn-re-0260,,,,,,,大连万达集团股份有限公司,,fetch_failed,https://www.wanda.com.cn/,,,,,
2026-07-13T17:53:22.323932+00:00,cn-retail-0263,,,,,,,物美科技集团有限公司,,fetch_failed,https://www.wumart.com/,,,,,
2026-07-13T17:53:23.841339+00:00,cn-log-0267,,,,,,,申通快递股份有限公司,200,pending_dynamic_js,https://www.sto.cn/,,,,,
2026-07-13T12:30:00Z,cn-soe-0011,complete_enumeration,,,True,,,中国核工业集团有限公司,,pagination_remaining,,官方社会招聘页显示40页；本批仅结构化第1页10条，不能据此宣称完整枚举。,社会招聘第2-40页、校园招聘、实习招聘,,,
2026-07-13T12:30:00Z,cn-soe-0011,unique_source_url,,,True,,,中国核工业集团有限公司,,listing_page_expands_jobs_inline,,公开页面以列表内展开方式展示岗位，未暴露可核验的独立详情链接；本批使用官方列表页加岗位编号片段作为唯一审计定位符，并保留source_listing_url与source_record_key。,,,,
2026-07-13T13:20:00Z,cn-soe-0012,complete_enumeration,,,True,,,中国航天科工集团有限公司,,social_page_4_and_campus_channel_remaining,,社会招聘第1至3页已结构化，共36条唯一岗位；第4页访问出现临时缓存错误，尚未形成可审计结论。总部招聘已核验为0条，海外专项1条已结构化。,社会招聘第4页、校园招聘渠道,,,
2026-07-13T13:20:00Z,cn-soe-0012,social_page_4_fetch,,https://casic.zhiye.com/szlist/?PageIndex=4,True,,,中国航天科工集团有限公司,,transient_cache_miss,,访问官方社会招聘第4页时返回临时缓存缺失/内部错误。本批未绕过限制，下一批应重新访问。,,,,
2026-07-13T13:20:00Z,cn-soe-0012,listing_freshness,,,True,,,中国航天科工集团有限公司,,old_records_still_show_apply_without_deadline,,14条2021至2025年发布的岗位在2026-07-13官方列表仍显示立即申请，但未披露截止日期；已标记review_pending，不自动视为当前有效。另1条有明确2022-07-20截止日期，标记inactive_expired。,,,,
2026-07-13T13:20:00Z,cn-soe-0012,deadline_date,,,False,,,中国航天科工集团有限公司,,not_disclosed_on_public_listing,,除J14953外，其余已采集岗位均未展示截止日期，因此deadline_date保留为空，不推断有效期。,,,,
2026-07-13T13:20:00Z,cn-soe-0012,deduplication,,,False,,,中国航天科工集团有限公司,,duplicate_job_code_on_social_page_3,,岗位J14858在官方第3页重复展示两次，已按岗位编号去重，保留duplicate_observation_count=2。,,,,
2026-07-13T14:05:00Z,cn-soe-0013,complete_enumeration,,,True,,,中国船舶集团有限公司,,social_and_campus_scope_remaining,,校园招聘动态总量最新为66条共5页。本批已保存52条唯一岗位记录：校园第2至4页完整列表、校园第1页4条详情及社会招聘4条详情；仍不能宣称完整枚举。,校园招聘第1页其余岗位和第5页、社会招聘剩余9条详情,,,
2026-07-13T14:05:00Z,cn-soe-0013,detail_fetch,,,True,,,中国船舶集团有限公司,,transient_cache_miss,,多条官方详情链接及校园第5页在抓取时返回临时缓存缺失；未绕过限制，已保留可取得的岗位编号、列表字段和唯一详情URL并标记review_pending。,,,,
2026-07-13T14:05:00Z,cn-soe-0013,listing_freshness,,,True,,,中国船舶集团有限公司,,fifty_old_or_incomplete_records_require_review,,50条记录发布于2025年或更早、未披露截止日期或详情不完整，均标记review_pending；仅2条2026年发布且详情完整的社会招聘岗位保留candidate_raw。,,,,
2026-07-13T13:40:00Z,cn-soe-0014,complete_enumeration,,,True,,,国家电网有限公司,,default_pages_return_zero_without_batch_filters,,招聘公告、职位搜索和公司公告页面在默认未筛选状态均显示0条；页面存在年度、批次和单位条件，无法据此认定无公开岗位。,核验年度和招聘批次数据接口、逐单位招聘公告及职位需求表,,,
2026-07-13T12:36:38Z,cn-soe-0015,,,,,,,中国航空工业集团有限公司,405,automated_http_405_but_official_page_browser_verified,https://www.avic.com.cn/sycd/rczp/,,,do_not_bypass; continue with official browser-visible pages and member-unit public sites,job_enumeration_only,
2026-07-13T12:36:40Z,cn-soe-0016,,,,,,,中国电子科技集团有限公司,200,official_page_has_announcements_but_no_current_job_detail_links_observed,https://www.cetc.com.cn/zgdk/1593022/1592495/index.html,,,audit official member-unit recruitment pages and official application entry,current_position_enumeration,
2026-07-13T17:53:47.577829+00:00,cn-soe-0033-e0001,,,,,,,中国铁建股份有限公司,,audit_ledger_gap_retry_required,https://crcc.zhiye.com/,,,,,True
2026-07-13T17:53:47.577829+00:00,cn-soe-0035-e0001,,,,,,,中国中车集团有限公司,,audit_ledger_gap_retry_required,https://crrc.zhiye.com/,,,,,True
2026-07-13T17:53:47.577829+00:00,cn-soe-0045-e0001,,,,,,,中国保利集团有限公司,,audit_ledger_gap_retry_required,https://poly.zhiye.com/,,,,,True
2026-07-13T17:53:47.577829+00:00,cn-fin-0110,,,,,,,北京银行股份有限公司,,audit_ledger_gap_retry_required,https://bankofbeijing.zhiye.com/,,,,,True
2026-07-13T17:53:47.577829+00:00,cn-fin-0111,,,,,,,上海银行股份有限公司,,audit_ledger_gap_retry_required,https://bosc.zhiye.com/,,,,,True
2026-07-13T17:53:47.577829+00:00,cn-fin-0112,,,,,,,江苏银行股份有限公司,,audit_ledger_gap_retry_required,https://jsbchina.zhiye.com/,,,,,True
2026-07-13T17:53:47.577829+00:00,cn-fin-0113,,,,,,,南京银行股份有限公司,,audit_ledger_gap_retry_required,https://njcb.zhiye.com/,,,,,True
2026-07-13T17:53:47.577829+00:00,cn-fin-0116,,,,,,,徽商银行股份有限公司,,audit_ledger_gap_retry_required,https://hsbank.zhiye.com/,,,,,True
2026-07-13T17:53:47.577829+00:00,cn-fin-0118,,,,,,,中国银河证券股份有限公司,,audit_ledger_gap_retry_required,https://chinastock.zhiye.com/,,,,,True
2026-07-13T17:53:47.577829+00:00,cn-fin-0119,,,,,,,华泰证券股份有限公司,,audit_ledger_gap_retry_required,https://htsc.zhiye.com/,,,,,True
2026-07-13T17:53:47.577829+00:00,cn-soe-0121,,,,,,,中国航天科技集团有限公司,,audit_ledger_gap_retry_required,https://casc.zhiye.com/,,,,,True
2026-07-13T17:53:47.577829+00:00,cn-soe-0123,,,,,,,中国兵器装备集团有限公司,,audit_ledger_gap_retry_required,https://csgc.zhiye.com/,,,,,True
2026-07-13T17:53:47.577829+00:00,cn-soe-0125,,,,,,,中国广核集团有限公司,,audit_ledger_gap_retry_required,https://cgnpc.zhiye.com/,,,,,True
2026-07-13T17:53:47.577829+00:00,cn-soe-0127,,,,,,,中国化学工程集团有限公司,,audit_ledger_gap_retry_required,https://cncec.zhiye.com/,,,,,True
2026-07-13T17:53:47.577829+00:00,cn-soe-0131,,,,,,,中国节能环保集团有限公司,,audit_ledger_gap_retry_required,https://cecep.zhiye.com/,,,,,True
2026-07-13T17:53:47.577829+00:00,cn-soe-0133,,,,,,,中国中煤能源集团有限公司,,audit_ledger_gap_retry_required,https://chinacoal.zhiye.com/,,,,,True
2026-07-13T17:53:47.577829+00:00,cn-soe-0134,,,,,,,中国黄金集团有限公司,,audit_ledger_gap_retry_required,https://chinagoldgroup.zhiye.com/,,,,,True
2026-07-13T17:53:47.577829+00:00,cn-soe-0135,,,,,,,中国盐业集团有限公司,,audit_ledger_gap_retry_required,https://chinasalt.zhiye.com/,,,,,True
2026-07-13T17:53:47.577829+00:00,cn-soe-0136,,,,,,,中国林业集团有限公司,,audit_ledger_gap_retry_required,https://cfgc.zhiye.com/,,,,,True
2026-07-13T17:53:47.577829+00:00,cn-soe-0138,,,,,,,中国诚通控股集团有限公司,,audit_ledger_gap_retry_required,https://cctgroup.zhiye.com/,,,,,True
2026-07-13T17:53:47.577829+00:00,cn-soe-0144,,,,,,,中国民航信息集团有限公司,,audit_ledger_gap_retry_required,https://travelsky.zhiye.com/,,,,,True
2026-07-13T17:53:47.577829+00:00,cn-soe-0150,,,,,,,中国一重集团有限公司,,audit_ledger_gap_retry_required,https://cfhi.zhiye.com/,,,,,True
2026-07-13T17:53:47.577829+00:00,cn-soe-0152,,,,,,,中国东方电气集团有限公司,,audit_ledger_gap_retry_required,https://dongfang.zhiye.com/,,,,,True
2026-07-13T17:53:47.577829+00:00,cn-soe-0157,,,,,,,中国检验认证（集团）有限公司,,audit_ledger_gap_retry_required,https://ccic.zhiye.com/,,,,,True
2026-07-13T17:53:47.577829+00:00,cn-soe-0160,,,,,,,中国有研科技集团有限公司,,audit_ledger_gap_retry_required,https://grinm.zhiye.com/,,,,,True
2026-07-13T17:53:47.577829+00:00,cn-soe-0161,,,,,,,中国钢研科技集团有限公司,,audit_ledger_gap_retry_required,https://cisri.zhiye.com/,,,,,True
2026-07-13T17:53:47.577829+00:00,cn-ins-0171,,,,,,,中国太平保险集团有限责任公司,,audit_ledger_gap_retry_required,https://www.cntaiping.com/,,,,,True
2026-07-13T17:53:47.577829+00:00,cn-ins-0174,,,,,,,中国太平洋保险（集团）股份有限公司,,audit_ledger_gap_retry_required,https://www.cpic.com.cn/,,,,,True
2026-07-13T17:53:47.577829+00:00,cn-ins-0175,,,,,,,新华人寿保险股份有限公司,,audit_ledger_gap_retry_required,https://www.newchinalife.com/,,,,,True
2026-07-13T17:53:47.577829+00:00,cn-ins-0176,,,,,,,泰康保险集团股份有限公司,,audit_ledger_gap_retry_required,https://www.taikang.com/,,,,,True
2026-07-13T17:53:47.577829+00:00,cn-amc-0182,,,,,,,中国东方资产管理股份有限公司,,audit_ledger_gap_retry_required,https://www.coamc.com.cn/,,,,,True
2026-07-13T17:53:47.577829+00:00,cn-fin-0184,,,,,,,中国光大集团股份公司,,audit_ledger_gap_retry_required,https://www.ebchina.com/,,,,,True
2026-07-13T17:53:47.577829+00:00,cn-amc-0188,,,,,,,中国中信金融资产管理股份有限公司,,audit_ledger_gap_retry_required,https://www.famc.citic/,,,,,True
2026-07-13T17:53:47.577829+00:00,cn-sec-0192,,,,,,,广发证券股份有限公司,,audit_ledger_gap_retry_required,https://www.gf.com.cn/,,,,,True
2026-07-13T17:53:47.577829+00:00,cn-sec-0196,,,,,,,兴业证券股份有限公司,,audit_ledger_gap_retry_required,https://www.xyzq.com.cn/,,,,,True
2026-07-13T17:53:47.577829+00:00,cn-sec-0201,,,,,,,国金证券股份有限公司,,audit_ledger_gap_retry_required,https://gjzq.zhiye.com/,,,,,True
2026-07-13T17:53:47.577829+00:00,cn-health-0221,,,,,,,上海复星医药（集团）股份有限公司,,audit_ledger_gap_retry_required,https://fosunpharma.zhiye.com/index,,,,,True
2026-07-13T17:53:47.577829+00:00,cn-food-0228,,,,,,,泸州老窖股份有限公司,,audit_ledger_gap_retry_required,http://job.lzlj.com/,,,,,True
2026-07-13T17:53:47.577829+00:00,cn-food-0231,,,,,,,中国蒙牛乳业有限公司,,audit_ledger_gap_retry_required,https://mengniu.zhiye.com/,,,,,True
2026-07-13T17:53:47.577829+00:00,cn-elec-0243,,,,,,,舜宇光学科技（集团）有限公司,,audit_ledger_gap_retry_required,https://www.sunnyoptical.com/,,,,,True
2026-07-13T17:53:47.577829+00:00,cn-energy-0244,,,,,,,隆基绿能科技股份有限公司,,audit_ledger_gap_retry_required,https://www.longi.com/cn/,,,,,True
2026-07-13T17:53:47.577829+00:00,cn-re-0252,,,,,,,保利发展控股集团股份有限公司,,audit_ledger_gap_retry_required,https://polycareer.zhiye.com/,,,,,True
2026-07-13T17:53:47.577829+00:00,cn-re-0253,,,,,,,招商局蛇口工业区控股股份有限公司,,audit_ledger_gap_retry_required,https://cmsk1979.zhiye.com/,,,,,True
