active_verified,city,company,company_id,company_name,completeness,confidence,deadline_date,department,detail_status,education,experience,headcount,job_name,job_title,location,published_date,record_id,requirements,responsibilities,review_recommendation,review_status,salary,salary_disclosure_status,source_page_url,source_type,source_url,verified_at,source_record_key,job_code,observed_at,source_listing_url,source_url_type,activity_signal,expiry_evidence,deduplication_note,duplicate_observation_count,detail_completeness,missing_fields,employer,recruitment_category,employment_type,freshness_note,salary_text,final_url
False,海外,河南双汇投资发展股份有限公司,cn-food-0232,河南双汇投资发展股份有限公司,0.714,0.85,2026-07-01,,role_extracted_from_multi_position_announcement_fields_pending,,,1,所长,所长,海外,2026-07-05,2b2e276a2df89795e1803127,,,inactive_expired,inactive_expired,面议,disclosed,https://www.shuanghui.net/job-50.html,official_recruitment_announcement,https://www.shuanghui.net/job-50.html,2026-07-13T18:34:11.821735+00:00,,,,,,,,,,,,,,,,,
False,海外,河南双汇投资发展股份有限公司,cn-food-0232,河南双汇投资发展股份有限公司,0.714,0.85,2026-07-01,,role_extracted_from_multi_position_announcement_fields_pending,,,2,研发员,研发员,海外,2026-07-05,5c9c7f9b1485537f8b9fb936,,,inactive_expired,inactive_expired,面议,disclosed,https://www.shuanghui.net/job-50.html,official_recruitment_announcement,https://www.shuanghui.net/job-50.html#role-e809fbb617,2026-07-13T18:34:11.821735+00:00,,,,,,,,,,,,,,,,,
False,海外,河南双汇投资发展股份有限公司,cn-food-0232,河南双汇投资发展股份有限公司,0.714,0.85,2026-07-01,,role_extracted_from_multi_position_announcement_fields_pending,,,1,展厅讲解兼接待,展厅讲解兼接待,海外,2026-07-05,1ac9110c5984b210a320f9d1,,,inactive_expired,inactive_expired,面议,disclosed,https://www.shuanghui.net/job-50.html,official_recruitment_announcement,https://www.shuanghui.net/job-50.html#role-e8542cc85c,2026-07-13T18:34:11.821735+00:00,,,,,,,,,,,,,,,,,
False,海外,河南双汇投资发展股份有限公司,cn-food-0232,河南双汇投资发展股份有限公司,0.714,0.85,2026-07-01,,role_extracted_from_multi_position_announcement_fields_pending,,,7,区域新品总监,区域新品总监,海外,2026-07-05,440770d5b54193e172d54530,,,inactive_expired,inactive_expired,面议,disclosed,https://www.shuanghui.net/job-50.html,official_recruitment_announcement,https://www.shuanghui.net/job-50.html#role-e5c4593ce3,2026-07-13T18:34:11.821735+00:00,,,,,,,,,,,,,,,,,
False,海外,河南双汇投资发展股份有限公司,cn-food-0232,河南双汇投资发展股份有限公司,0.714,0.85,2026-07-01,,role_extracted_from_multi_position_announcement_fields_pending,,,1,产业并购,产业并购,海外,2026-07-05,28c06fae7a86e25a85dfa239,,,inactive_expired,inactive_expired,面议,disclosed,https://www.shuanghui.net/job-50.html,official_recruitment_announcement,https://www.shuanghui.net/job-50.html#role-43eaca5a2b,2026-07-13T18:34:11.821735+00:00,,,,,,,,,,,,,,,,,
False,海外,河南双汇投资发展股份有限公司,cn-food-0232,河南双汇投资发展股份有限公司,0.714,0.85,2026-07-01,,role_extracted_from_multi_position_announcement_fields_pending,,,1,证券投资,证券投资,海外,2026-07-05,4ad2a49132ab3ef8b3536ea6,,,inactive_expired,inactive_expired,面议,disclosed,https://www.shuanghui.net/job-50.html,official_recruitment_announcement,https://www.shuanghui.net/job-50.html#role-47b5c4581e,2026-07-13T18:34:11.821735+00:00,,,,,,,,,,,,,,,,,
False,海外,河南双汇投资发展股份有限公司,cn-food-0232,河南双汇投资发展股份有限公司,0.714,0.85,2026-07-01,,role_extracted_from_multi_position_announcement_fields_pending,,,1,肉制品事业部东北战区销售总经理,肉制品事业部东北战区销售总经理,海外,2026-07-05,39b97c0d3469661530ae1b7e,,,inactive_expired,inactive_expired,面议,disclosed,https://www.shuanghui.net/job-50.html,official_recruitment_announcement,https://www.shuanghui.net/job-50.html#role-d09c0da79a,2026-07-13T18:34:11.821735+00:00,,,,,,,,,,,,,,,,,
False,海外,河南双汇投资发展股份有限公司,cn-food-0232,河南双汇投资发展股份有限公司,0.714,0.85,2026-07-01,,role_extracted_from_multi_position_announcement_fields_pending,,,1,肉制品事业部推广部新媒体运营副总监,肉制品事业部推广部新媒体运营副总监,海外,2026-07-05,d2177421596421c31e1f8fa8,,,inactive_expired,inactive_expired,面议,disclosed,https://www.shuanghui.net/job-50.html,official_recruitment_announcement,https://www.shuanghui.net/job-50.html#role-5f58bec84a,2026-07-13T18:34:11.821735+00:00,,,,,,,,,,,,,,,,,
False,北京,中国银行股份有限公司,cn-fin-0004,中国银行股份有限公司,0.857,0.9,2026-05-25,总行金融市场部,official_announcement_verified_attachment_pending,,,1,量化交易及风控岗,量化交易及风控岗,北京,2026-05-11,boc-20260511-001,诚实守信、遵纪守法，认同中国银行企业文化；具备履职所需专业素养和管理能力，熟悉相关政策法规及国内外金融市场。具体职责及任职要求见官方附件，尚待解析。,,inactive_expired,inactive_expired,,not_disclosed,,official_recruitment_portal,https://www.boc.cn/aboutboc/bi4/202605/t20260511_25666277.html,2026-07-13T18:34:16.472627+00:00,总行金融市场部|量化交易及风控岗|北京,,,,,,,,,,,,,,,,
False,北京,中国银行股份有限公司,cn-fin-0004,中国银行股份有限公司,0.857,0.9,2026-05-25,总行金融市场部,official_announcement_verified_attachment_pending,,,1,期权交易岗,期权交易岗,北京,2026-05-11,boc-20260511-002,诚实守信、遵纪守法，认同中国银行企业文化；具备履职所需专业素养和管理能力，熟悉相关政策法规及国内外金融市场。具体职责及任职要求见官方附件，尚待解析。,,inactive_expired,inactive_expired,,not_disclosed,,official_recruitment_portal,https://www.boc.cn/aboutboc/bi4/202605/t20260511_25666277.html,2026-07-13T18:34:16.472637+00:00,总行金融市场部|期权交易岗|北京,,,,,,,,,,,,,,,,
False,北京,中国银行股份有限公司,cn-fin-0004,中国银行股份有限公司,0.857,0.9,2026-05-25,总行金融市场部,official_announcement_verified_attachment_pending,,,1,贵金属交易岗,贵金属交易岗,北京,2026-05-11,boc-20260511-003,诚实守信、遵纪守法，认同中国银行企业文化；具备履职所需专业素养和管理能力，熟悉相关政策法规及国内外金融市场。具体职责及任职要求见官方附件，尚待解析。,,inactive_expired,inactive_expired,,not_disclosed,,official_recruitment_portal,https://www.boc.cn/aboutboc/bi4/202605/t20260511_25666277.html,2026-07-13T18:34:16.472646+00:00,总行金融市场部|贵金属交易岗|北京,,,,,,,,,,,,,,,,
False,北京,中国银行股份有限公司,cn-fin-0004,中国银行股份有限公司,0.857,0.9,2026-05-25,总行资产托管部,official_announcement_verified_attachment_pending,,,3,全球托管岗,全球托管岗,北京,2026-05-11,boc-20260511-004,诚实守信、遵纪守法，认同中国银行企业文化；具备履职所需专业素养和管理能力。具体职责及任职要求见官方附件，尚待解析。,,inactive_expired,inactive_expired,,not_disclosed,,official_recruitment_portal,https://www.boc.cn/aboutboc/bi4/202605/t20260511_25666277.html,2026-07-13T18:34:16.472654+00:00,总行资产托管部|全球托管岗|北京,,,,,,,,,,,,,,,,
False,北京,中国银行股份有限公司,cn-fin-0004,中国银行股份有限公司,0.857,0.9,2026-05-25,总行风险管理部,official_announcement_verified_attachment_pending,,,1,模型开发岗,模型开发岗,北京,2026-05-11,boc-20260511-005,诚实守信、遵纪守法，认同中国银行企业文化；具备履职所需专业素养和管理能力。具体职责及任职要求见官方附件，尚待解析。,,inactive_expired,inactive_expired,,not_disclosed,,official_recruitment_portal,https://www.boc.cn/aboutboc/bi4/202605/t20260511_25666277.html,2026-07-13T18:34:16.472662+00:00,总行风险管理部|模型开发岗|北京,,,,,,,,,,,,,,,,
False,北京,中国银行股份有限公司,cn-fin-0004,中国银行股份有限公司,0.857,0.9,2026-05-25,总行风险管理部,official_announcement_verified_attachment_pending,,,1,市场风险计量管理岗,市场风险计量管理岗,北京,2026-05-11,boc-20260511-006,诚实守信、遵纪守法，认同中国银行企业文化；具备履职所需专业素养和管理能力。具体职责及任职要求见官方附件，尚待解析。,,inactive_expired,inactive_expired,,not_disclosed,,official_recruitment_portal,https://www.boc.cn/aboutboc/bi4/202605/t20260511_25666277.html,2026-07-13T18:34:16.472670+00:00,总行风险管理部|市场风险计量管理岗|北京,,,,,,,,,,,,,,,,
False,北京,中国银行股份有限公司,cn-fin-0004,中国银行股份有限公司,0.857,0.9,2026-05-25,总行内控与法律合规部,official_announcement_verified_attachment_pending,,,1,内控合规模型研发岗,内控合规模型研发岗,北京,2026-05-11,boc-20260511-007,诚实守信、遵纪守法，认同中国银行企业文化；熟悉相关政策法规和监管制度。具体职责及任职要求见官方附件，尚待解析。,,inactive_expired,inactive_expired,,not_disclosed,,official_recruitment_portal,https://www.boc.cn/aboutboc/bi4/202605/t20260511_25666277.html,2026-07-13T18:34:16.472678+00:00,总行内控与法律合规部|内控合规模型研发岗|北京,,,,,,,,,,,,,,,,
False,北京,中国银行股份有限公司,cn-fin-0004,中国银行股份有限公司,0.857,0.9,2026-05-25,总行内控与法律合规部,official_announcement_verified_attachment_pending,,,1,跨境法务管理岗,跨境法务管理岗,北京,2026-05-11,boc-20260511-008,诚实守信、遵纪守法，认同中国银行企业文化；熟悉相关政策法规和监管制度。具体职责及任职要求见官方附件，尚待解析。,,inactive_expired,inactive_expired,,not_disclosed,,official_recruitment_portal,https://www.boc.cn/aboutboc/bi4/202605/t20260511_25666277.html,2026-07-13T18:34:16.472686+00:00,总行内控与法律合规部|跨境法务管理岗|北京,,,,,,,,,,,,,,,,
False,北京,中国银行股份有限公司,cn-fin-0004,中国银行股份有限公司,0.857,0.9,2026-05-25,总行内控与法律合规部,official_announcement_verified_attachment_pending,,,1,反洗钱合规管理岗,反洗钱合规管理岗,北京,2026-05-11,boc-20260511-009,诚实守信、遵纪守法，认同中国银行企业文化；熟悉相关政策法规和监管制度。具体职责及任职要求见官方附件，尚待解析。,,inactive_expired,inactive_expired,,not_disclosed,,official_recruitment_portal,https://www.boc.cn/aboutboc/bi4/202605/t20260511_25666277.html,2026-07-13T18:34:16.472694+00:00,总行内控与法律合规部|反洗钱合规管理岗|北京,,,,,,,,,,,,,,,,
False,北京,中国银行股份有限公司,cn-fin-0004,中国银行股份有限公司,0.857,0.9,2026-05-25,总行金融科技部,official_announcement_verified_attachment_pending,,,1,技术标准研究及标准化管理岗,技术标准研究及标准化管理岗,北京,2026-05-11,boc-20260511-010,诚实守信、遵纪守法，认同中国银行企业文化；具备履职所需专业素养和管理能力。具体职责及任职要求见官方附件，尚待解析。,,inactive_expired,inactive_expired,,not_disclosed,,official_recruitment_portal,https://www.boc.cn/aboutboc/bi4/202605/t20260511_25666277.html,2026-07-13T18:34:16.472702+00:00,总行金融科技部|技术标准研究及标准化管理岗|北京,,,,,,,,,,,,,,,,
False,北京,中国银行股份有限公司,cn-fin-0004,中国银行股份有限公司,0.857,0.9,2026-05-25,总行金融科技部,official_announcement_verified_attachment_pending,,,1,人工智能规划与研究岗,人工智能规划与研究岗,北京,2026-05-11,boc-20260511-011,诚实守信、遵纪守法，认同中国银行企业文化；具备履职所需专业素养和管理能力。具体职责及任职要求见官方附件，尚待解析。,,inactive_expired,inactive_expired,,not_disclosed,,official_recruitment_portal,https://www.boc.cn/aboutboc/bi4/202605/t20260511_25666277.html,2026-07-13T18:34:16.472710+00:00,总行金融科技部|人工智能规划与研究岗|北京,,,,,,,,,,,,,,,,
False,,中国银行股份有限公司,cn-fin-0004,中国银行股份有限公司,0.714,0.85,2026-05-25,总行研究院,official_announcement_verified_attachment_pending,博士,,2,博士后,博士后,,2026-05-11,boc-20260511-012,诚实守信、遵纪守法，认同中国银行企业文化；具体职责及任职要求见官方附件，尚待解析。,,inactive_expired,inactive_expired,,not_disclosed,,official_recruitment_portal,https://www.boc.cn/aboutboc/bi4/202605/t20260511_25666277.html,2026-07-13T18:34:16.472718+00:00,总行研究院|博士后|未注明,,,,,,,,,,,,,,,,
False,上海,中国银行股份有限公司,cn-fin-0004,中国银行股份有限公司,0.857,0.9,2026-05-25,上海市分行,official_announcement_verified_attachment_pending,,,1,金融研究岗,金融研究岗,上海,2026-05-11,boc-20260511-013,诚实守信、遵纪守法，认同中国银行企业文化；具备较强政策执行、统筹协调、综合管理和沟通能力。具体职责及任职要求见官方附件，尚待解析。,,inactive_expired,inactive_expired,,not_disclosed,,official_recruitment_portal,https://www.boc.cn/aboutboc/bi4/202605/t20260511_25666277.html,2026-07-13T18:34:16.472726+00:00,上海市分行|金融研究岗|上海,,,,,,,,,,,,,,,,
False,深圳,中国银行股份有限公司,cn-fin-0004,中国银行股份有限公司,0.857,0.9,2026-05-25,深圳市分行,official_announcement_verified_attachment_pending,,,1,跨境并购岗,跨境并购岗,深圳,2026-05-11,boc-20260511-014,诚实守信、遵纪守法，认同中国银行企业文化；了解国内外金融市场和相关领域发展情况。具体职责及任职要求见官方附件，尚待解析。,,inactive_expired,inactive_expired,,not_disclosed,,official_recruitment_portal,https://www.boc.cn/aboutboc/bi4/202605/t20260511_25666277.html,2026-07-13T18:34:16.472734+00:00,深圳市分行|跨境并购岗|深圳,,,,,,,,,,,,,,,,
False,香港,中国银行股份有限公司,cn-fin-0004,中国银行股份有限公司,0.857,0.9,2026-05-25,中银香港,official_announcement_verified_attachment_pending,,,1,高级策略规划岗,高级策略规划岗,香港,2026-05-11,boc-20260511-015,诚实守信、遵纪守法，认同中国银行企业文化；具备较强统筹协调、综合管理和内外部沟通能力。具体职责及任职要求见官方附件，尚待解析。,,inactive_expired,inactive_expired,,not_disclosed,,official_recruitment_portal,https://www.boc.cn/aboutboc/bi4/202605/t20260511_25666277.html,2026-07-13T18:34:16.472742+00:00,中银香港|高级策略规划岗|香港,,,,,,,,,,,,,,,,
False,香港,中国银行股份有限公司,cn-fin-0004,中国银行股份有限公司,0.857,0.9,2026-05-25,中银香港,official_announcement_verified_attachment_pending,,,1,贵金属交易岗,贵金属交易岗,香港,2026-05-11,boc-20260511-016,诚实守信、遵纪守法，认同中国银行企业文化；了解国内外金融市场。具体职责及任职要求见官方附件，尚待解析。,,inactive_expired,inactive_expired,,not_disclosed,,official_recruitment_portal,https://www.boc.cn/aboutboc/bi4/202605/t20260511_25666277.html,2026-07-13T18:34:16.472750+00:00,中银香港|贵金属交易岗|香港,,,,,,,,,,,,,,,,
False,香港,中国银行股份有限公司,cn-fin-0004,中国银行股份有限公司,0.857,0.9,2026-05-25,中银香港,official_announcement_verified_attachment_pending,,,1,量化交易分析岗,量化交易分析岗,香港,2026-05-11,boc-20260511-017,诚实守信、遵纪守法，认同中国银行企业文化；了解国内外金融市场。具体职责及任职要求见官方附件，尚待解析。,,inactive_expired,inactive_expired,,not_disclosed,,official_recruitment_portal,https://www.boc.cn/aboutboc/bi4/202605/t20260511_25666277.html,2026-07-13T18:34:16.472759+00:00,中银香港|量化交易分析岗|香港,,,,,,,,,,,,,,,,
False,香港,中国银行股份有限公司,cn-fin-0004,中国银行股份有限公司,0.857,0.9,2026-05-25,香港分行,official_announcement_verified_attachment_pending,,,1,投资交易/投行业务岗,投资交易/投行业务岗,香港,2026-05-11,boc-20260511-018,诚实守信、遵纪守法，认同中国银行企业文化；了解国内外金融市场。具体职责及任职要求见官方附件，尚待解析。,,inactive_expired,inactive_expired,,not_disclosed,,official_recruitment_portal,https://www.boc.cn/aboutboc/bi4/202605/t20260511_25666277.html,2026-07-13T18:34:16.472766+00:00,香港分行|投资交易/投行业务岗|香港,,,,,,,,,,,,,,,,
False,,中国银行股份有限公司,cn-fin-0004,中国银行股份有限公司,0.714,0.85,2026-05-25,中银国际,official_announcement_verified_attachment_pending,,,1,研究分析岗,研究分析岗,,2026-05-11,boc-20260511-019,诚实守信、遵纪守法，认同中国银行企业文化；了解国内外金融市场。具体职责及任职要求见官方附件，尚待解析。,,inactive_expired,inactive_expired,,not_disclosed,,official_recruitment_portal,https://www.boc.cn/aboutboc/bi4/202605/t20260511_25666277.html,2026-07-13T18:34:16.472775+00:00,中银国际|研究分析岗|未注明,,,,,,,,,,,,,,,,
False,上海,中国银行股份有限公司,cn-fin-0004,中国银行股份有限公司,0.857,0.9,2026-05-25,中银证券,official_announcement_verified_attachment_pending,,,2,资产管理投资经理岗（QDII方向）,资产管理投资经理岗（QDII方向）,上海,2026-05-11,boc-20260511-020,诚实守信、遵纪守法，认同中国银行企业文化；了解国内外金融市场。具体职责及任职要求见官方附件，尚待解析。,,inactive_expired,inactive_expired,,not_disclosed,,official_recruitment_portal,https://www.boc.cn/aboutboc/bi4/202605/t20260511_25666277.html,2026-07-13T18:34:16.472783+00:00,中银证券|资产管理投资经理岗（QDII方向）|上海,,,,,,,,,,,,,,,,
False,上海,中国银行股份有限公司,cn-fin-0004,中国银行股份有限公司,0.857,0.9,2026-05-25,中银证券,official_announcement_verified_attachment_pending,,,1,全球资产配置研究岗,全球资产配置研究岗,上海,2026-05-11,boc-20260511-021,诚实守信、遵纪守法，认同中国银行企业文化；了解国内外金融市场。具体职责及任职要求见官方附件，尚待解析。,,inactive_expired,inactive_expired,,not_disclosed,,official_recruitment_portal,https://www.boc.cn/aboutboc/bi4/202605/t20260511_25666277.html,2026-07-13T18:34:16.472791+00:00,中银证券|全球资产配置研究岗|上海,,,,,,,,,,,,,,,,
False,上海,中国银行股份有限公司,cn-fin-0004,中国银行股份有限公司,0.857,0.9,2026-05-25,中银证券,official_announcement_verified_attachment_pending,,,2,自营投资经理岗（股票、债券方向）,自营投资经理岗（股票、债券方向）,上海,2026-05-11,boc-20260511-022,诚实守信、遵纪守法，认同中国银行企业文化；了解国内外金融市场。具体职责及任职要求见官方附件，尚待解析。,,inactive_expired,inactive_expired,,not_disclosed,,official_recruitment_portal,https://www.boc.cn/aboutboc/bi4/202605/t20260511_25666277.html,2026-07-13T18:34:16.472799+00:00,中银证券|自营投资经理岗（股票、债券方向）|上海,,,,,,,,,,,,,,,,
False,浙江省,中国核工业集团有限公司,cn-soe-0011,中国核工业集团有限公司,1.0,0.95,,中核汇能(浙江)新能源有限公司,,本科及以上,3年以上,,汇能浙江-检修班组长,汇能浙江-检修班组长,浙江省,2026-07-08,cnnc-J29415,本科及以上，电力系统及电气自动化、继电保护等相关专业；熟悉变电站一二次设备预防性试验及高压试验、继电保护调试；3年以上电力调试经验，有35kV以上变电站设备调试经验；持高低压电工、电气试验或继电保护证书者优先。,负责光伏电站变压器、高压开关柜、断路器、高压电缆等设备的预防性试验及一次、二次电气试验；编制试验方案和报告；建立仪器仪表及试验设备台账；分析试验数据并参与故障诊断。,review_pending,review_pending,,not_disclosed,,official_recruitment_portal,https://cnnc.zhiye.com/shehui2025#J29415,2026-07-13T12:30:00Z,J29415,J29415,2026-07-13T12:30:00Z,https://cnnc.zhiye.com/shehui2025,official_listing_page_with_job_code_fragment,,,,,,,,,,,,
False,石家庄,中国核工业集团有限公司,cn-soe-0011,中国核工业集团有限公司,1.0,0.95,,中核矿业科技集团有限公司,,,7年以上,,质量监督岗,质量监督岗,河北省-石家庄市,2026-07-08,cnnc-J29414,7年以上相关从业经验，精通工程项目质量管理。,负责编制文书类大纲并承担办公室综合事务，要求具备较强语言表达能力。,review_pending,review_pending,,not_disclosed,,official_recruitment_portal,https://cnnc.zhiye.com/shehui2025#J29414,2026-07-13T12:30:00Z,J29414,J29414,2026-07-13T12:30:00Z,https://cnnc.zhiye.com/shehui2025,official_listing_page_with_job_code_fragment,,,,,,,,,,,,
False,石家庄,中国核工业集团有限公司,cn-soe-0011,中国核工业集团有限公司,1.0,0.95,,中核矿业科技集团有限公司,,,8年以上,,会计岗,会计岗,河北省-石家庄市,2026-07-08,cnnc-J29413,8年以上相关从业经验，精通基建项目及工程总承包项目财务核算。,负责大型项目财务核算，需要兼具财务与工程概预算能力，并控制项目超概风险。,review_pending,review_pending,,not_disclosed,,official_recruitment_portal,https://cnnc.zhiye.com/shehui2025#J29413,2026-07-13T12:30:00Z,J29413,J29413,2026-07-13T12:30:00Z,https://cnnc.zhiye.com/shehui2025,official_listing_page_with_job_code_fragment,,,,,,,,,,,,
False,吉林市,中国核工业集团有限公司,cn-soe-0011,中国核工业集团有限公司,1.0,0.95,,中核（吉林）新材料有限公司,,本科及以上,8年以上，其中4年以上管理经验,,中核新材-总经理岗,中核新材-总经理岗,吉林省-吉林市-船营区,2026-07-08,cnnc-J29059,中共党员；本科及以上；中级及以上职称；8年以上工作经验，其中4年以上管理经验，业绩突出者可适当放宽；具备经营管理能力，诚实守信、品行良好。,全面主持公司经营管理，落实上级党委决策；制定并实施中长期规划和年度经营计划；负责运营、市场、安全生产、成本、团队与企业文化建设；建立风险管理和内控体系并维护内外部关系。,review_pending,review_pending,,not_disclosed,,official_recruitment_portal,https://cnnc.zhiye.com/shehui2025#J29059,2026-07-13T12:30:00Z,J29059,J29059,2026-07-13T12:30:00Z,https://cnnc.zhiye.com/shehui2025,official_listing_page_with_job_code_fragment,,,,,,,,,,,,
False,北京,中国核工业集团有限公司,cn-soe-0011,中国核工业集团有限公司,1.0,0.95,,中核矿业科技集团有限公司,,博士,2年以上或博士后出站,,中核矿业科技-地质和水文地质科研岗,中核矿业科技-地质和水文地质科研岗,北京市-通州区,2026-07-08,cnnc-J28221,地质资源与地质工程、矿业工程、地质学、水文地质等相关专业；具有2年以上工作经验的博士毕业生，或博士后出站青年科技人才。,开展矿石高精度原位工艺矿物学分析、地浸采铀室内浸出试验、现场浸出试验及取样化验，并使用地下水模拟软件开展模拟研究。,review_pending,review_pending,,not_disclosed,,official_recruitment_portal,https://cnnc.zhiye.com/shehui2025#J28221,2026-07-13T12:30:00Z,J28221,J28221,2026-07-13T12:30:00Z,https://cnnc.zhiye.com/shehui2025,official_listing_page_with_job_code_fragment,,,,,,,,,,,,
False,北京,中国核工业集团有限公司,cn-soe-0011,中国核工业集团有限公司,1.0,0.95,,中核战略规划研究总院有限公司,,硕士及以上,3年以上,,科技服务岗,科技服务岗,北京市,2026-07-06,cnnc-J29398,硕士及以上、理工科；中级及以上专业技术职务，中共党员优先；3年以上科技创新管理或成果转化经验；文字和PPT能力强，具备跨组织沟通协调能力。,承担中核科协联络处日常工作，组织实施年度计划；开展会员管理、科技人才服务与核科普；协助科技成果转化；承担科管中心综合事务。,review_pending,review_pending,,not_disclosed,,official_recruitment_portal,https://cnnc.zhiye.com/shehui2025#J29398,2026-07-13T12:30:00Z,J29398,J29398,2026-07-13T12:30:00Z,https://cnnc.zhiye.com/shehui2025,official_listing_page_with_job_code_fragment,,,,,,,,,,,,
False,北京,中国核工业集团有限公司,cn-soe-0011,中国核工业集团有限公司,1.0,0.95,,中核战略规划研究总院有限公司,,硕士及以上,3年以上,,专业技术岗位,专业技术岗位,北京市-海淀区,2026-07-06,cnnc-J29397,硕士及以上、理工科；中级及以上专业技术职务，中共党员优先；3年以上科研项目管理经验；熟悉部委及央企科研项目管理要求，英语优秀者优先；具备团队领导和跨部门协调能力。,推进集团与高校、科研院所合作管理，协助科研渠道管理，并完成其他交办工作。,review_pending,review_pending,,not_disclosed,,official_recruitment_portal,https://cnnc.zhiye.com/shehui2025#J29397,2026-07-13T12:30:00Z,J29397,J29397,2026-07-13T12:30:00Z,https://cnnc.zhiye.com/shehui2025,official_listing_page_with_job_code_fragment,,,,,,,,,,,,
False,北京,中国核工业集团有限公司,cn-soe-0011,中国核工业集团有限公司,1.0,0.95,,中核战略规划研究总院有限公司,,硕士及以上,3年以上,,科技管理岗,科技管理岗,北京市,2026-07-06,cnnc-J29396,硕士及以上、理工科；中级及以上专业技术职务，中共党员优先；3年以上央企相关经验；了解国家科技创新政策、科技管理和成果转化，了解IPD与MBSE；文字和协同能力强。,开展核科技创新政策、体系和关键技术研究，支撑集团科技创新政策与规划；推动科技体制机制改革、技术迁移机制建设；参与科研设计单位创新水平评价和管理体系评估。,review_pending,review_pending,,not_disclosed,,official_recruitment_portal,https://cnnc.zhiye.com/shehui2025#J29396,2026-07-13T12:30:00Z,J29396,J29396,2026-07-13T12:30:00Z,https://cnnc.zhiye.com/shehui2025,official_listing_page_with_job_code_fragment,,,,,,,,,,,,
False,北京,中国核工业集团有限公司,cn-soe-0011,中国核工业集团有限公司,1.0,0.95,,中核资源发展有限公司,,本科及以上,3年以上，其中2年以上相关经验,,生产技术部（数智化部）科研管理岗,生产技术部（数智化部）科研管理岗,北京市,2026-07-06,cnnc-J29391,本科及以上，冶金、化学、化工相关专业，英语四级及以上；3年以上工作经验，其中2年以上生产一线技术指导或项目管理经验；掌握化工或冶金工艺；中级职称、大型矿山/冶金集团/设计院背景优先。,编制并优化生产工艺方案，解决现场技术问题；参与科研项目立项、实施、验收与成果转化；协调跨部门技术问题；撰写技术报告、专利、调研和项目总结。,review_pending,review_pending,,not_disclosed,,official_recruitment_portal,https://cnnc.zhiye.com/shehui2025#J29391,2026-07-13T12:30:00Z,J29391,J29391,2026-07-13T12:30:00Z,https://cnnc.zhiye.com/shehui2025,official_listing_page_with_job_code_fragment,,,,,,,,,,,,
False,葫芦岛,中国核工业集团有限公司,cn-soe-0011,中国核工业集团有限公司,1.0,0.95,,中国原子能科学研究院葫芦岛中心,,本科及以上,相关经验，年限未披露,,网信运维岗,网信运维岗,辽宁省-葫芦岛市,2026-07-04,cnnc-J28885,本科及以上，计算机、网络技术、信息安全等相关专业；具备网络设备运维、信息化系统保障及网络安全排查经验；熟悉保密管理和档案整理要求；无不良从业记录。,负责网络安全运维、信息化系统保障、设备巡检维护、网信安全排查及其他交办工作。,review_pending,review_pending,,not_disclosed,,official_recruitment_portal,https://cnnc.zhiye.com/shehui2025#J28885,2026-07-13T12:30:00Z,J28885,J28885,2026-07-13T12:30:00Z,https://cnnc.zhiye.com/shehui2025,official_listing_page_with_job_code_fragment,,,,,,,,,,,,
False,成都,中国航天科工集团有限公司,cn-soe-0012,中国航天科工集团有限公司,1.0,0.95,,贵州航天控制技术有限公司,,,,,质量技术师,质量技术师,四川省-成都市,2026-06-27,casic-J20485,熟练使用办公软件；了解质量、生产和信息系统管理知识及航天相关知识；具备执行、组织、独立解决问题和协调能力，热爱航天事业。,开展产品全生命周期质量管理与质量保证策划，组织出厂质量评审、设计评审和质量问题双归零；负责外购件验收、供方质量控制、不合格品管理及监督验收信息归档。,review_pending,review_pending,面议,disclosed_as_negotiable,,official_recruitment_portal,https://casic.zhiye.com/szlist#J20485,2026-07-13T12:30:00Z,J20485,J20485,2026-07-13T12:30:00Z,https://casic.zhiye.com/szlist,official_listing_page_with_job_code_fragment,,,,,,,,,,,,
False,北京,中国航天科工集团有限公司,cn-soe-0012,中国航天科工集团有限公司,1.0,0.95,,北京动力机械研究所,,硕士及以上,5年以上,,固定资产投资基建工程综合管理岗,固定资产投资基建工程综合管理岗,北京市-丰台区,2026-06-01,casic-J20423,硕士及以上；5年以上工程管理或设计经验；原则上35岁以下；熟悉土地、工程建设、造价和审计政策规范，具备报告写作和数据分析能力；持注册造价师或建造师资格者可适当放宽年龄。,负责专项建设总体布局、基建项目年度经费策划及预算统计分析；组织土建任务书和施工图审查；开展项目审计及档案归档。,review_pending,review_pending,面议,disclosed_as_negotiable,,official_recruitment_portal,https://casic.zhiye.com/szlist#J20423,2026-07-13T12:30:00Z,J20423,J20423,2026-07-13T12:30:00Z,https://casic.zhiye.com/szlist,official_listing_page_with_job_code_fragment,,,,,,,,,,,,
False,北京,中国航天科工集团有限公司,cn-soe-0012,中国航天科工集团有限公司,1.0,0.95,,北京动力机械研究所,,硕士及以上,,,成本价格管理岗,成本价格管理岗,北京市-丰台区,2026-05-31,casic-J20422,航空航天、机械、控制工程等专业背景；熟悉军品价格管理、成本核算政策和机械加工制造过程；硕士及以上，原则上40岁以下。,负责报审价、机械加工产品采购限价评估和采购价格谈判，并完成其他交办工作。,review_pending,review_pending,面议,disclosed_as_negotiable,,official_recruitment_portal,https://casic.zhiye.com/szlist#J20422,2026-07-13T12:30:00Z,J20422,J20422,2026-07-13T12:30:00Z,https://casic.zhiye.com/szlist,official_listing_page_with_job_code_fragment,,,,,,,,,,,,
False,北京,中国航天科工集团有限公司,cn-soe-0012,中国航天科工集团有限公司,1.0,0.95,,北京动力机械研究所,,硕士及以上,5年以上,,发动机密封设计岗,发动机密封设计岗,北京市-丰台区,2026-05-26,casic-J20368,机械设计、流体润滑与密封、飞行器动力工程等专业；能独立完成涡轮发动机动静密封设计和试验；熟练使用UG、CAD、ANSYS；硕士及以上，5年以上工程研制经验，原则上45岁以下。,负责发动机轴承腔、空气系统和静密封的设计、仿真与试验验证；控制产品技术状态和质量；开展高温、高性能、长寿命密封技术攻关和课题实施。,review_pending,review_pending,面议,disclosed_as_negotiable,,official_recruitment_portal,https://casic.zhiye.com/szlist#J20368,2026-07-13T12:30:00Z,J20368,J20368,2026-07-13T12:30:00Z,https://casic.zhiye.com/szlist,official_listing_page_with_job_code_fragment,,,,,,,,,,,,
False,北京,中国航天科工集团有限公司,cn-soe-0012,中国航天科工集团有限公司,1.0,0.95,,北京动力机械研究所,,硕士及以上,5年以上,,Java开发技术岗,Java开发技术岗,北京市-丰台区,2026-05-26,casic-J20370,Java基础扎实，熟悉Spring Boot、Spring Cloud、MyBatis、MySQL/Oracle及微服务架构；具备AI编程工具与系统集成经验；硕士及以上，5年以上企业内部系统开发经验，原则上45岁以下。,负责SAP ERP、PDM、MES等内部系统的自主开发运维、架构设计和交付；推动AI编程工具在Java技术栈中的应用；参与系统升级、性能安全优化及上线维护。,review_pending,review_pending,面议,disclosed_as_negotiable,,official_recruitment_portal,https://casic.zhiye.com/szlist#J20370,2026-07-13T12:30:00Z,J20370,J20370,2026-07-13T12:30:00Z,https://casic.zhiye.com/szlist,official_listing_page_with_job_code_fragment,,,,,,,,,,,,
False,北京,中国航天科工集团有限公司,cn-soe-0012,中国航天科工集团有限公司,1.0,0.95,,北京动力机械研究所,,硕士及以上,5年以上,,气冷涡轮叶片冷却结构设计岗,气冷涡轮叶片冷却结构设计岗,北京市-丰台区,2026-05-26,casic-J20371,能独立完成气冷涡轮叶片设计，掌握传热与结构强度知识及UG、ANSYS、CAD；具备复杂叶片研发试制经验；硕士及以上，5年以上工程研制经验，原则上45岁以下。,负责气冷涡轮叶片冷却结构设计、传热仿真与优化、产品投产及技术状态质量控制；参与综合冷效试验论证、试验和数据分析。,review_pending,review_pending,面议,disclosed_as_negotiable,,official_recruitment_portal,https://casic.zhiye.com/szlist#J20371,2026-07-13T12:30:00Z,J20371,J20371,2026-07-13T12:30:00Z,https://casic.zhiye.com/szlist,official_listing_page_with_job_code_fragment,,,,,,,,,,,,
False,北京,中国航天科工集团有限公司,cn-soe-0012,中国航天科工集团有限公司,1.0,0.95,,北京动力机械研究所,,硕士及以上,企业内部系统开发经验，年限未披露,,人工智能开发应用技术岗,人工智能开发应用技术岗,北京市-丰台区,2026-05-26,casic-J20372,精通机器学习、深度学习和自然语言处理；至少熟悉一种AI框架，能独立完成模型搭建、训练、部署和智能体实施；熟练Python并了解Java、Linux和大模型API；硕士及以上，原则上45岁以下，有可证明的落地项目。,设计并落地企业内部系统AI功能、大模型应用和智能体；负责AI模块开发、部署与优化，模型训练调优和业务数据分析；调研前沿技术并解决AI集成难题。,review_pending,review_pending,面议,disclosed_as_negotiable,,official_recruitment_portal,https://casic.zhiye.com/szlist#J20372,2026-07-13T12:30:00Z,J20372,J20372,2026-07-13T12:30:00Z,https://casic.zhiye.com/szlist,official_listing_page_with_job_code_fragment,,,,,,,,,,,,
False,贵阳,中国航天科工集团有限公司,cn-soe-0012,中国航天科工集团有限公司,1.0,0.95,,贵州江南航天信息网络通信有限公司,,,3年以上,,智能设计施工工程师,智能设计施工工程师,贵州省-贵阳市,2026-05-20,casic-J20326,35岁以下，3年以上电子与智能化设计或施工经验；掌握计算机网络、视频监控、会议系统架构，能独立完成项目设计；熟悉CAD和造价软件；持一级建造师或造价师资格者优先。,开展电子与智能化项目现场勘察，编制技术方案、设计图纸和预算；负责技术资料归档，配合项目经理编制深化设计和实施方案。,review_pending,review_pending,面议,disclosed_as_negotiable,,official_recruitment_portal,https://casic.zhiye.com/szlist#J20326,2026-07-13T12:30:00Z,J20326,J20326,2026-07-13T12:30:00Z,https://casic.zhiye.com/szlist,official_listing_page_with_job_code_fragment,,,,,,,,,,,,
False,全国,中国航天科工集团有限公司,cn-soe-0012,中国航天科工集团有限公司,1.0,0.95,,中航天建设工程集团有限公司,,大专及以上,3年以上,,建筑电气施工员,建筑电气施工员,全国,2026-05-12,casic-J20412,大专及以上，电气工程及其自动化、建筑电气等相关专业；3年以上建筑电气施工现场管理经验；能读懂施工图并使用AutoCAD和Office；持电工证、建造师、安全员证或中级职称者优先。,负责施工现场强弱电、消防报警和智能化系统的日常管理与技术指导；参与图纸会审、材料验收、质量安全控制、跨专业协调、变更签证和竣工验收。,review_pending,review_pending,面议,disclosed_as_negotiable,,official_recruitment_portal,https://casic.zhiye.com/szlist#J20412,2026-07-13T12:30:00Z,J20412,J20412,2026-07-13T12:30:00Z,https://casic.zhiye.com/szlist,official_listing_page_with_job_code_fragment,,,,,,,,,,,,
False,武汉,中国航天科工集团有限公司,cn-soe-0012,中国航天科工集团有限公司,1.0,0.95,,中国航天科工集团空间工程总体部,,本科及以上,,,卫星测运控中心岗位,卫星测运控中心岗位,湖北省-武汉市,2026-04-22,casic-J20399,本科及以上，航天工程、天体力学、飞行器设计、数学等相关专业。,承担在轨卫星全生命周期遥测监视、遥控指令、轨道控制、任务规划及数据处理。,review_pending,review_pending,面议,disclosed_as_negotiable,,official_recruitment_portal,https://casic.zhiye.com/szlist#J20399,2026-07-13T12:30:00Z,J20399,J20399,2026-07-13T12:30:00Z,https://casic.zhiye.com/szlist,official_listing_page_with_job_code_fragment,,,,,,,,,,,,
False,武汉,中国航天科工集团有限公司,cn-soe-0012,中国航天科工集团有限公司,1.0,0.95,,中国航天科工集团空间工程总体部,,大专及以上,,,技能操作岗,技能操作岗,湖北省-武汉市,2026-04-21,casic-J20398,大专及以上；思想端正、热爱航天事业；获得省级二等奖技能比赛者。,承担基础技能操作工作。,review_pending,review_pending,面议,disclosed_as_negotiable,,official_recruitment_portal,https://casic.zhiye.com/szlist#J20398,2026-07-13T13:05:00Z,J20398,J20398,2026-07-13T13:05:00Z,https://casic.zhiye.com/szlist,official_listing_page_with_job_code_fragment,official_listing_showed_立即申请_on_2026-07-13,,,,,,,,,,,
False,贵阳,中国航天科工集团有限公司,cn-soe-0012,中国航天科工集团有限公司,1.0,0.95,,贵州航天控制技术有限公司,,,,,装调工,装调工,贵州省-贵阳市,2026-04-16,casic-J20385,机电或机械类专业，班级排名前20%；省部级以上技能竞赛获奖者优先；掌握机械、电路基础，能阅读简单机械或电路图并了解电子产品加工装配调试。,负责产品装配与调试。,review_pending,review_pending,面议,disclosed_as_negotiable,,official_recruitment_portal,https://casic.zhiye.com/szlist#J20385,2026-07-13T13:05:00Z,J20385,J20385,2026-07-13T13:05:00Z,https://casic.zhiye.com/szlist,official_listing_page_with_job_code_fragment,official_listing_showed_立即申请_on_2026-07-13,,,,,,,,,,,
False,北京,中国航天科工集团有限公司,cn-soe-0012,中国航天科工集团有限公司,1.0,0.95,,中航天建设工程集团有限公司,,大专及以上,1-5年以上,,土建技术员,土建技术员,北京市,2026-04-14,casic-J20392,大专及以上，土木工程、建筑工程技术、工民建或市政相关专业；1至5年以上施工现场经验；持施工员证，建造师、安全员或中级职称优先；适应驻场及高强度工作。,负责图纸会审、施工方案和技术交底、测量放线；实施现场施工技术管理、关键工序质量控制和问题处理；参与验收、资料归档、多方协调及工程量和成本辅助核算。,review_pending,review_pending,面议,disclosed_as_negotiable,,official_recruitment_portal,https://casic.zhiye.com/szlist#J20392,2026-07-13T13:05:00Z,J20392,J20392,2026-07-13T13:05:00Z,https://casic.zhiye.com/szlist,official_listing_page_with_job_code_fragment,official_listing_showed_立即申请_on_2026-07-13,,,,,,,,,,,
False,北京,中国航天科工集团有限公司,cn-soe-0012,中国航天科工集团有限公司,1.0,0.95,,中航天建设工程集团有限公司,,,,,法务专员,法务专员,北京市,2026-04-09,casic-J20387,持有法律职业资格证；其他学历和经验未在公开列表披露。,负责支出合同、授权及用印审查；函件登记、法治合规和规章制度管理；为诉讼、仲裁、协商、调解和谈判提供法律意见并代理案件；开展法治宣传和案件系统录入。,review_pending,review_pending,面议,disclosed_as_negotiable,,official_recruitment_portal,https://casic.zhiye.com/szlist#J20387,2026-07-13T13:05:00Z,J20387,J20387,2026-07-13T13:05:00Z,https://casic.zhiye.com/szlist,official_listing_page_with_job_code_fragment,official_listing_showed_立即申请_on_2026-07-13,,,,,,,,,,,
False,贵州,中国航天科工集团有限公司,cn-soe-0012,中国航天科工集团有限公司,1.0,0.95,,贵州航天控制技术有限公司,,,,,市场营销员,市场营销员,贵州省,2026-04-08,casic-J20386,理工科专业；具有器件类产品市场开拓经验者优先；擅长客户关系维护；热爱航天事业，具备团队意识、沟通协调和独立承担工作的能力。,负责器部件市场开拓与客户维护。,review_pending,review_pending,面议,disclosed_as_negotiable,,official_recruitment_portal,https://casic.zhiye.com/szlist#J20386,2026-07-13T13:05:00Z,J20386,J20386,2026-07-13T13:05:00Z,https://casic.zhiye.com/szlist,official_listing_page_with_job_code_fragment,official_listing_showed_立即申请_on_2026-07-13,,,,,,,,,,,
False,贵阳,中国航天科工集团有限公司,cn-soe-0012,中国航天科工集团有限公司,1.0,0.95,,贵州江南航天信息网络通信有限公司,,本科及以上,至少6个月,,人工智能应用工程师,人工智能应用工程师,贵州省-贵阳市,2026-02-25,casic-J20329,党员或团员，党员优先；本科及以上，计算机、软件工程、大数据、人工智能等专业；至少6个月AI应用经验，制造业落地经验优先；具备数据库或软件开发中级以上资格；熟悉机器学习、深度学习及TensorFlow/PyTorch等框架，能进行服务部署和API开发。,结合业务场景识别痛点并设计AI解决方案；组织可行性分析、技术选型、原型、模型部署、系统集成、测试上线和效果监控；协调算法、IT、产品与业务团队；持续优化模型并沉淀推广案例。,review_pending,review_pending,面议,disclosed_as_negotiable,,official_recruitment_portal,https://casic.zhiye.com/szlist/?PageIndex=2#J20329,2026-07-13T12:50:00Z,J20329,J20329,2026-07-13T12:50:00Z,https://casic.zhiye.com/szlist/?PageIndex=2,official_listing_page_with_job_code_fragment,official_listing_showed_立即申请_on_2026-07-13,,,,,,,,,,,
False,贵阳,中国航天科工集团有限公司,cn-soe-0012,中国航天科工集团有限公司,1.0,0.95,,贵州江南航天信息网络通信有限公司,,硕士及以上,2年以上国企党务经验,,党务主管,党务主管,贵州省-贵阳市,2026-02-01,casic-J20325,中共正式党员；硕士研究生及以上；2年以上国有企业党务经验；具备党建理论、政策法规、公文写作、组织协调和沟通能力。,统筹党委计划、会议、基层党支部标准化和三会一课；负责党员发展、党费、组织关系、党员教育与民主评议；开展思想宣传、党建与企业文化融合及党建考评协调。,review_pending,review_pending,面议,disclosed_as_negotiable,,official_recruitment_portal,https://casic.zhiye.com/szlist/?PageIndex=2#J20325,2026-07-13T12:50:00Z,J20325,J20325,2026-07-13T12:50:00Z,https://casic.zhiye.com/szlist/?PageIndex=2,official_listing_page_with_job_code_fragment,official_listing_showed_立即申请_on_2026-07-13,,,,,,,,,,,
False,北京,中国航天科工集团有限公司,cn-soe-0012,中国航天科工集团有限公司,1.0,0.95,,中国航天科工集团空间工程总体部,,,,,技术岗,技术岗,北京市,2025-12-27,casic-J20313,热爱航天事业；其他学历、专业和经验未在公开列表披露。,从事空间飞行器设计。,review_pending,review_pending,面议,disclosed_as_negotiable,,official_recruitment_portal,https://casic.zhiye.com/szlist/?PageIndex=2#J20313,2026-07-13T12:50:00Z,J20313,J20313,2026-07-13T12:50:00Z,https://casic.zhiye.com/szlist/?PageIndex=2,official_listing_page_with_job_code_fragment,official_listing_showed_立即申请_on_2026-07-13,,,,,,,,,,,
False,汇川区,中国航天科工集团有限公司,cn-soe-0012,中国航天科工集团有限公司,1.0,0.95,,贵州航天朝阳科技有限责任公司,,硕士研究生,,,研发技术人员,研发技术人员,贵州省-遵义市-汇川区,2025-12-19,casic-J20311,硕士研究生，计算机或网络安全专业；熟悉计算机网络软硬件设施及终端设备维护；热爱航天事业，具备团队协作和独立承担研发工作的能力。,审计应用系统、网络和安全设备操作维护记录；分析网络安全日志与事件并开展风险评估；负责信息系统日常运行维护、技术支持及设备介质台账。,review_pending,review_pending,面议,disclosed_as_negotiable,,official_recruitment_portal,https://casic.zhiye.com/szlist/?PageIndex=2#J20311,2026-07-13T12:50:00Z,J20311,J20311,2026-07-13T12:50:00Z,https://casic.zhiye.com/szlist/?PageIndex=2,official_listing_page_with_job_code_fragment,official_listing_showed_立即申请_on_2026-07-13,,,,,,,,,,,
False,贵阳,中国航天科工集团有限公司,cn-soe-0012,中国航天科工集团有限公司,1.0,0.95,,江南机电设计研究所,,,,,科研项目管理,科研项目管理,贵州省-贵阳市,2025-12-04,casic-J20305,热爱航天事业；工作主动负责，具备团队协作、沟通协调和独立承担科研管理工作的能力；公开列表未披露学历与经验年限。,搭建科研生产体系；负责项目立项、合同、经费、外协外购、研制生产、试验、售后等全生命周期管理；管理项目技术状态并与客户及上级单位协调。,review_pending,review_pending,面议,disclosed_as_negotiable,,official_recruitment_portal,https://casic.zhiye.com/szlist/?PageIndex=2#J20305,2026-07-13T12:50:00Z,J20305,J20305,2026-07-13T12:50:00Z,https://casic.zhiye.com/szlist/?PageIndex=2,official_listing_page_with_job_code_fragment,official_listing_showed_立即申请_on_2026-07-13,,,,,,,,,,,
False,海淀区,中国航天科工集团有限公司,cn-soe-0012,中国航天科工集团有限公司,1.0,0.95,,中国航天科工集团空间工程总体部,,,,,管理岗,管理岗,北京市-海淀区,2025-11-17,casic-J20288,热爱航天事业，综合素质良好；工作认真主动，具备团队意识和组织沟通协调能力；公开列表未披露学历与经验。,承担总体部职能部门管理工作。,review_pending,review_pending,面议,disclosed_as_negotiable,,official_recruitment_portal,https://casic.zhiye.com/szlist/?PageIndex=2#J20288,2026-07-13T12:50:00Z,J20288,J20288,2026-07-13T12:50:00Z,https://casic.zhiye.com/szlist/?PageIndex=2,official_listing_page_with_job_code_fragment,official_listing_showed_立即申请_on_2026-07-13,,,,,,,,,,,
False,贵阳,中国航天科工集团有限公司,cn-soe-0012,中国航天科工集团有限公司,1.0,0.95,,江南机电设计研究所,,硕士及以上,2-3年以上,,人事管理岗,人事管理岗,贵州省-贵阳市,2025-11-16,casic-J20278,硕士研究生及以上，人力资源管理专业优先；中级职称和中共党员优先；2至3年以上人力资源经验，有国企或大型企业经验优先；具备严谨、原则性和沟通协调能力。,建设培训与发展体系并组织各类培训；负责招聘需求、渠道、筛选、面试和录用；统筹人才开发和晋升；参与绩效机制完善、考核实施、沟通与改进。,review_pending,review_pending,面议,disclosed_as_negotiable,,official_recruitment_portal,https://casic.zhiye.com/szlist/?PageIndex=2#J20278,2026-07-13T12:50:00Z,J20278,J20278,2026-07-13T12:50:00Z,https://casic.zhiye.com/szlist/?PageIndex=2,official_listing_page_with_job_code_fragment,official_listing_showed_立即申请_on_2026-07-13,,,,,,,,,,,
False,贵阳,中国航天科工集团有限公司,cn-soe-0012,中国航天科工集团有限公司,1.0,0.95,,贵州江南航天信息网络通信有限公司,,,至少1年,,网络运维工程师,网络运维工程师,贵州省-贵阳市,2025-11-11,casic-J20282,党员或团员，党员优先；网络工程或计算机专业；至少1年网络运维或建设经验并参与过至少1个整网建设项目；具备网络类中级以上资格；熟悉路由器、交换机、VPN等，涉密网运维经验优先。,负责局域网和广域网规划、日常运维、链路与设备配置、网络故障诊断恢复、安全产品管理、配置备份及客户端设备故障处理。,review_pending,review_pending,面议,disclosed_as_negotiable,,official_recruitment_portal,https://casic.zhiye.com/szlist/?PageIndex=2#J20282,2026-07-13T12:50:00Z,J20282,J20282,2026-07-13T12:50:00Z,https://casic.zhiye.com/szlist/?PageIndex=2,official_listing_page_with_job_code_fragment,official_listing_showed_立即申请_on_2026-07-13,,,,,,,,,,,
False,岳麓区,中国航天科工集团有限公司,cn-soe-0012,中国航天科工集团有限公司,1.0,0.95,,湖南航天机电设备与特种材料研究所,,硕士及以上,5年以上或相关应届博士,,光纤陀螺核心技术人员,光纤陀螺核心技术人员,湖南省-长沙市-岳麓区,2025-10-17,casic-J20274,硕士及以上，特别优秀可放宽本科；5年以上光纤陀螺从业经验或相关应届博士；掌握光学器件检测、光路装配、总装及光纤环绕等核心工艺，熟悉军品开发生产流程。,制定光纤陀螺专业规划和技术方向；负责产品设计开发、关键技术攻关、方案论证和全过程进度质量控制；开展核心工艺开发并建设技术团队与人才梯队。,review_pending,review_pending,面议,disclosed_as_negotiable,,official_recruitment_portal,https://casic.zhiye.com/szlist/?PageIndex=2#J20274,2026-07-13T12:50:00Z,J20274,J20274,2026-07-13T12:50:00Z,https://casic.zhiye.com/szlist/?PageIndex=2,official_listing_page_with_job_code_fragment,official_listing_showed_立即申请_on_2026-07-13,,,,,,,,,,,
False,孝感,中国航天科工集团有限公司,cn-soe-0012,中国航天科工集团有限公司,1.0,0.95,,湖北三江航天红阳机电有限公司,,博士研究生,,,2026届高级复合材料工程师,2026届高级复合材料工程师,湖北省-孝感市,2025-09-07,casic-J20138,博士研究生；复合材料、材料合成加工、无机非金属、有机高分子或材料科学与工程专业；熟练使用办公软件、AutoCAD和Pro/E；具备分析、协调和现场技术问题处理能力。,研发防隔热一体化梯度材料、轻质隔热材料、舱段工艺及微烧蚀防热材料；开展技术方案、工艺装备验证、技术创新和工艺管理。,review_pending,review_pending,面议,disclosed_as_negotiable,,official_recruitment_portal,https://casic.zhiye.com/szlist/?PageIndex=2#J20138,2026-07-13T12:50:00Z,J20138,J20138,2026-07-13T12:50:00Z,https://casic.zhiye.com/szlist/?PageIndex=2,official_listing_page_with_job_code_fragment,official_listing_showed_立即申请_on_2026-07-13,,,,,,,,,,,
False,贵阳,中国航天科工集团有限公司,cn-soe-0012,中国航天科工集团有限公司,1.0,0.95,,贵州航天控制技术有限公司,,,具有2型以上电机设计成功应用经验,,结构设计师-电机设计,结构设计师-电机设计,贵州省-贵阳市,2026-03-10,casic-J19881,具有独立完成并成功应用2型以上电机设计的经验；掌握工程材料、加工工艺、机械设计以及AutoCAD、UG和至少一种工程仿真软件；责任心强、具备分析和团队协作能力。,负责预研、研制和批产项目结构及电机设计、技术文件、评审、状态与质量管理、外协控制和售后支持；建设结构专业标准、CBB资源及知识产权并支持市场开拓。,review_pending,review_pending,面议,disclosed_as_negotiable,,official_recruitment_portal,https://casic.zhiye.com/szlist/?PageIndex=2#J19881,2026-07-13T12:50:00Z,J19881,J19881,2026-07-13T12:50:00Z,https://casic.zhiye.com/szlist/?PageIndex=2,official_listing_page_with_job_code_fragment,official_listing_showed_立即申请_on_2026-07-13,,,,,,,,,,,
False,成都,中国航天科工集团有限公司,cn-soe-0012,中国航天科工集团有限公司,1.0,0.95,,贵州航天控制技术有限公司,,,,,MEMS器件设计师,MEMS器件设计师,四川省-成都市,2026-03-10,casic-J19889,具有MEMS表头结构设计和封装经历；掌握MEMS封装结构、主要封装材料特性、主流封装厂及工艺特点；具备团队协作和独立研发能力。,负责MEMS陀螺、加速度计表头及封装的设计与实施。,review_pending,review_pending,面议,disclosed_as_negotiable,,official_recruitment_portal,https://casic.zhiye.com/szlist/?PageIndex=2#J19889,2026-07-13T12:50:00Z,J19889,J19889,2026-07-13T12:50:00Z,https://casic.zhiye.com/szlist/?PageIndex=2,official_listing_page_with_job_code_fragment,official_listing_showed_立即申请_on_2026-07-13,,,,,,,,,,,
False,成都,中国航天科工集团有限公司,cn-soe-0012,中国航天科工集团有限公司,1.0,0.95,,贵州航天控制技术有限公司,,,,,软件设计师-机台开发,软件设计师-机台开发,四川省-成都市,2026-03-10,casic-J19891,具有T800、J750、93K、8205、8207等机台程序或筛测板卡开发经历；熟悉常用DC/DC电源和接口芯片功能及性能指标；具备独立研发与团队协作能力。,负责产线测试机台程序开发、筛测板卡设计及产线维护。,review_pending,review_pending,面议,disclosed_as_negotiable,,official_recruitment_portal,https://casic.zhiye.com/szlist/?PageIndex=2#J19891,2026-07-13T12:50:00Z,J19891,J19891,2026-07-13T12:50:00Z,https://casic.zhiye.com/szlist/?PageIndex=2,official_listing_page_with_job_code_fragment,official_listing_showed_立即申请_on_2026-07-13,,,,,,,,,,,
False,贵阳,中国航天科工集团有限公司,cn-soe-0012,中国航天科工集团有限公司,1.0,0.95,,贵州航天控制技术有限公司,,,企业级信息化项目经验,,信息系统开发师,信息系统开发师,贵州省-贵阳市,2026-03-10,casic-J19887,具有企业级信息化项目经验，主导1项或参与多项；熟悉软件开发流程、数据库和至少一种.NET、ABAP、C++、Java、Python等语言；具备SAP/TC、数据处理或AI大模型应用经验者优先。,制定信息化专业规划、标准和技术体系；开展新技术预研、智慧企业、主数据与数字化产品服务；负责企业信息系统需求、建设、验收、运维、二次开发及数字化项目交付。,review_pending,review_pending,面议,disclosed_as_negotiable,,official_recruitment_portal,https://casic.zhiye.com/szlist/?PageIndex=2#J19887,2026-07-13T12:50:00Z,J19887,J19887,2026-07-13T12:50:00Z,https://casic.zhiye.com/szlist/?PageIndex=2,official_listing_page_with_job_code_fragment,official_listing_showed_立即申请_on_2026-07-13,,,,,,,,,,,
False,成都,中国航天科工集团有限公司,cn-soe-0012,中国航天科工集团有限公司,1.0,0.95,,贵州航天控制技术有限公司,,,,,电路设计师-驱动器,电路设计师-驱动器,四川省-成都市,2026-03-10,casic-J19888,具有MOSFET、IGBT等功率器件设计或应用经历；掌握电机驱动电路设计和主要器件参数选型；具备独立研发、团队协作和沟通能力。,负责功率器件、驱动芯片和驱动器的设计开发。,review_pending,review_pending,面议,disclosed_as_negotiable,,official_recruitment_portal,https://casic.zhiye.com/szlist/?PageIndex=2#J19888,2026-07-13T12:50:00Z,J19888,J19888,2026-07-13T12:50:00Z,https://casic.zhiye.com/szlist/?PageIndex=2,official_listing_page_with_job_code_fragment,official_listing_showed_立即申请_on_2026-07-13,,,,,,,,,,,
False,石景山区,中国航天科工集团有限公司,cn-soe-0012,中国航天科工集团有限公司,1.0,0.95,,北京航天测控技术有限公司,,本科及以上,1-3年,,信息化运维主管,信息化运维主管,北京市-石景山区,2022-09-09,casic-J15021,本科及以上，计算机或自动化相关专业；1至3年经验；熟悉交换机、路由器配置，掌握计算机网络、信息安全及软硬件维护。,负责网络、服务器操作系统、机房环境及终端设备的运维和故障处理；实施账户权限、安全策略、日志审计与数据备份；开展网络资源配置、监控分析和风险报告。,review_pending,review_pending,面议,disclosed_as_negotiable,,official_recruitment_portal,https://casic.zhiye.com/szlist/?PageIndex=3#J15021,2026-07-13T13:15:00Z,J15021,J15021,2026-07-13T13:15:00Z,https://casic.zhiye.com/szlist/?PageIndex=3,official_listing_page_with_job_code_fragment,official_listing_showed_立即申请_on_2026-07-13,,,,,,,,,,,
False,河南,中国航天科工集团有限公司,cn-soe-0012,中国航天科工集团有限公司,1.0,0.95,2022-07-20,河南航天工业有限责任公司,,本科及以上,5年以上会计岗位，通常累计6年以上,,所属单位总会计师,所属单位总会计师,河南省,2022-07-12,casic-J14953,45岁以下；5年以上会计岗位经验；会计师、审计师、经济师中级以上职称或注册会计师/内部审计师资格；原则上本科及以上，财务、会计或审计专业；中共党员至少3年党龄；一般累计6年以上工作经历并符合国企领导干部任职条件。,负责合规、审计、法治、财务、风险内控、计划统计、全面预算、成本价格和两金管控；监控经营指标并推进降本增效，同时承担分管领域党建、廉政、安全和保密责任。,inactive_expired,inactive_expired,面议,disclosed_as_negotiable,,official_recruitment_portal,https://casic.zhiye.com/szlist/?PageIndex=3#J14953,2026-07-13T13:15:00Z,J14953,J14953,2026-07-13T13:15:00Z,https://casic.zhiye.com/szlist/?PageIndex=3,official_listing_page_with_job_code_fragment,official_listing_showed_立即申请_on_2026-07-13,官方列表明确报名截止2022-07-20,,,,,,,,,,
False,东湖新技术开发区,中国航天科工集团有限公司,cn-soe-0012,中国航天科工集团有限公司,1.0,0.95,,武汉睿芯特种光纤有限责任公司,,硕士及以上,,,设计师（可靠性测试）,设计师（可靠性测试）,湖北省-武汉市-东湖新技术开发区,2021-09-17,casic-J14858,硕士及以上，光学工程或光信息相关专业；光纤学习或工作、可靠性测试经验优先，优秀应届生可申请；掌握测试设备自动化接口、LabVIEW或同类工具及机械/光学设计仿真软件，具备完整项目实施经验。,负责特种光纤环境和机械可靠性测试，包括项目立项验收、测试平台设计搭建、测试程序和人员能力建设，并推动设备国产化和测试自动化。,review_pending,review_pending,面议,disclosed_as_negotiable,,official_recruitment_portal,https://casic.zhiye.com/szlist/?PageIndex=3#J14858,2026-07-13T13:15:00Z,J14858,J14858,2026-07-13T13:15:00Z,https://casic.zhiye.com/szlist/?PageIndex=3,official_listing_page_with_job_code_fragment,official_listing_showed_立即申请_on_2026-07-13,,官方第3页同一岗位代码重复展示两次，按job_code去重,2,,,,,,,,
False,海淀区,中国航天科工集团有限公司,cn-soe-0012,中国航天科工集团有限公司,0.714,0.85,,中国航天科工集团空间工程总体部,,,,,空间飞行器结构系统设计,空间飞行器结构系统设计,北京市-海淀区,2021-09-14,casic-J14801,,,candidate_raw,candidate_raw,面议,disclosed_as_negotiable,,official_recruitment_portal,https://casic.zhiye.com/szlist/?PageIndex=3#J14801,2026-07-13T13:15:00Z,J14801,J14801,2026-07-13T13:15:00Z,https://casic.zhiye.com/szlist/?PageIndex=3,official_listing_page_with_job_code_fragment,official_listing_showed_立即申请_on_2026-07-13,,,,low,"[""responsibilities"", ""requirements"", ""education"", ""experience""]",,,,,,
False,连江县,中国航天科工集团有限公司,cn-soe-0012,中国航天科工集团有限公司,1.0,0.95,,航天凯威斯电气（福州）有限公司,,,,,技术工程师,技术工程师,福建省-福州市-连江县,2021-09-13,casic-J14705,电机制造或相关专业；熟练使用电子图档，掌握发电机生产工艺和工装模具设计。,制定并实施1至5年产品研发战略；建立研发岗位规范、预算和进度计划；组织新产品可行性论证、技术标准制定、研发过程控制和技术指导，并参与质量事故分析。,review_pending,review_pending,面议,disclosed_as_negotiable,,official_recruitment_portal,https://casic.zhiye.com/szlist/?PageIndex=3#J14705,2026-07-13T13:15:00Z,J14705,J14705,2026-07-13T13:15:00Z,https://casic.zhiye.com/szlist/?PageIndex=3,official_listing_page_with_job_code_fragment,official_listing_showed_立即申请_on_2026-07-13,,,,,,,,,,,
False,福州,中国航天科工集团有限公司,cn-soe-0012,中国航天科工集团有限公司,1.0,0.95,,航天凯威斯电气（福州）有限公司,,大专及以上,,,外贸业务员,外贸业务员,福建省-福州市,2022-09-09,casic-J14702,大专及以上；了解商业礼仪和区域文化；热爱销售、沟通理解能力好，能持续学习行业动态并接受在连江工厂至少3个月学习。,了解公司产品和市场，依据销售策略寻找客户并管理销售网络；利用线上线下资源完成销售任务，收集市场信息并处理客户投诉。,review_pending,review_pending,面议,disclosed_as_negotiable,,official_recruitment_portal,https://casic.zhiye.com/szlist/?PageIndex=3#J14702,2026-07-13T13:15:00Z,J14702,J14702,2026-07-13T13:15:00Z,https://casic.zhiye.com/szlist/?PageIndex=3,official_listing_page_with_job_code_fragment,official_listing_showed_立即申请_on_2026-07-13,,,,,,,,,,,
False,全国,中国航天科工集团有限公司,cn-soe-0012,中国航天科工集团有限公司,1.0,0.95,,航天科工集团人才发展中心,,博士研究生及以上,,,专项人才,专项人才,全国,2025-06-10,casic-J19238,博士研究生及以上；热爱航天事业，成绩和综合素质良好；工作主动负责，具备团队协作、组织沟通和独立承担科研设计创新工作的能力。,完成用人单位安排的相关任务。,review_pending,review_pending,面议,disclosed_as_negotiable,,official_recruitment_portal,https://casic.zhiye.com/Overseaslist#J19238,2026-07-13T13:15:00Z,J19238,J19238,2026-07-13T13:15:00Z,https://casic.zhiye.com/Overseaslist,official_listing_page_with_job_code_fragment,official_overseas_listing_showed_立即申请_on_2026-07-13,,,,,,,,,,,
False,北京,中国船舶集团有限公司,cn-soe-0013,中国船舶集团有限公司,0.714,0.85,,,official_listing_verified_detail_cache_miss,,,,研发工程师（计算机类）,研发工程师（计算机类）,北京市,2025-08-29,cssc-J11969,,,candidate_raw,candidate_raw,,not_disclosed,,official_recruitment_portal,https://cssc.zhiye.com/zpdetail/311042429?PageIndex=2,2026-07-13T18:34:16.473103+00:00,J11969,,,,,,,,,,,,校园招聘,,2025年发布且未披露截止日期,,
False,北京,中国船舶集团有限公司,cn-soe-0013,中国船舶集团有限公司,0.714,0.85,,,official_listing_verified_detail_cache_miss,,,,研发工程师（控制工程类）,研发工程师（控制工程类）,北京市,2025-08-29,cssc-J11970,,,candidate_raw,candidate_raw,,not_disclosed,,official_recruitment_portal,https://cssc.zhiye.com/zpdetail/311042428?PageIndex=2,2026-07-13T18:34:16.473113+00:00,J11970,,,,,,,,,,,,校园招聘,,2025年发布且未披露截止日期,,
False,北京,中国船舶集团有限公司,cn-soe-0013,中国船舶集团有限公司,1.0,0.95,,,official_detail_complete_no_deadline,硕士研究生以上,校园招聘；未明确年限,若干,研发工程师（电子信息类）,研发工程师（电子信息类）,北京市,2025-08-29,cssc-J11968,电子信息类相关专业，理工类院校硕士研究生以上；了解信息系统设计和集成方法，有较好数学基础；熟练使用办公自动化系统及专业研究软件；具备沟通协调、团队合作和抗压能力。,开展相关领域关键技术开发及系统研制。,review_pending,review_pending,,not_disclosed,,official_recruitment_portal,https://cssc.zhiye.com/zpdetail/311042427?PageIndex=2,2026-07-13T18:34:16.473121+00:00,J11968,,,,,,,,,,,,校园招聘,全职,2025年发布且未披露截止日期，虽有详情仍需时效复核,面议,
False,北京,中国船舶集团有限公司,cn-soe-0013,中国船舶集团有限公司,0.714,0.85,,,official_listing_verified_detail_cache_miss,,,,研发工程师（航空航天类）,研发工程师（航空航天类）,北京市,2025-08-29,cssc-J11975,,,candidate_raw,candidate_raw,,not_disclosed,,official_recruitment_portal,https://cssc.zhiye.com/zpdetail/311042426?PageIndex=2,2026-07-13T18:34:16.473130+00:00,J11975,,,,,,,,,,,,校园招聘,,2025年发布且未披露截止日期,,
False,北京,中国船舶集团有限公司,cn-soe-0013,中国船舶集团有限公司,0.714,0.85,,,official_listing_verified_detail_cache_miss,,,,研发工程师（能源动力类）,研发工程师（能源动力类）,北京市,2025-08-29,cssc-J11977,,,candidate_raw,candidate_raw,,not_disclosed,,official_recruitment_portal,https://cssc.zhiye.com/zpdetail/311042425?PageIndex=2,2026-07-13T18:34:16.473138+00:00,J11977,,,,,,,,,,,,校园招聘,,2025年发布且未披露截止日期,,
False,北京,中国船舶集团有限公司,cn-soe-0013,中国船舶集团有限公司,1.0,0.95,,,official_detail_complete_no_deadline,硕士研究生以上,校园招聘；未明确年限,若干,研发工程师（船舶与海洋工程类）,研发工程师（船舶与海洋工程类）,北京市,2025-08-29,cssc-J11974,船舶与海洋工程类相关专业，理工类院校硕士研究生以上；了解信息系统设计和集成方法，有较好数学基础；熟练使用办公自动化系统及专业研究软件；具备沟通协调、团队合作和抗压能力。,开展相关领域关键技术开发及系统研制。,review_pending,review_pending,,not_disclosed,,official_recruitment_portal,https://cssc.zhiye.com/zpdetail/311042424?PageIndex=2,2026-07-13T18:34:16.473146+00:00,J11974,,,,,,,,,,,,校园招聘,全职,2025年发布且未披露截止日期，虽有详情仍需时效复核,面议,
False,北京,中国船舶集团有限公司,cn-soe-0013,中国船舶集团有限公司,1.0,0.95,,,official_detail_complete_no_deadline,硕士研究生以上,校园招聘；未明确年限,若干,研发工程师（信息与通信工程类）,研发工程师（信息与通信工程类）,北京市,2025-08-29,cssc-J11973,信息与通信工程类相关专业，理工类院校硕士研究生以上；了解信息系统设计和集成方法，有较好数学基础；熟练使用办公自动化系统及专业研究软件；具备沟通协调、团队合作和抗压能力。,开展相关领域关键技术开发及系统研制。,review_pending,review_pending,,not_disclosed,,official_recruitment_portal,https://cssc.zhiye.com/zpdetail/311042423?PageIndex=2,2026-07-13T18:34:16.473154+00:00,J11973,,,,,,,,,,,,校园招聘,全职,2025年发布且未披露截止日期，虽有详情仍需时效复核,面议,
False,北京,中国船舶集团有限公司,cn-soe-0013,中国船舶集团有限公司,0.714,0.85,,,official_listing_verified_detail_cache_miss,,,,研发工程师（软件工程类）,研发工程师（软件工程类）,北京市,2025-08-29,cssc-J11976,,,candidate_raw,candidate_raw,,not_disclosed,,official_recruitment_portal,https://cssc.zhiye.com/zpdetail/311042422?PageIndex=2,2026-07-13T18:34:16.473162+00:00,J11976,,,,,,,,,,,,校园招聘,,2025年发布且未披露截止日期,,
False,北京,中国船舶集团有限公司,cn-soe-0013,中国船舶集团有限公司,0.714,0.85,,,official_listing_verified_detail_cache_miss,,,,研发工程师（自动化类）,研发工程师（自动化类）,北京市,2025-08-29,cssc-J11971,,,candidate_raw,candidate_raw,,not_disclosed,,official_recruitment_portal,https://cssc.zhiye.com/zpdetail/311042421?PageIndex=2,2026-07-13T18:34:16.473173+00:00,J11971,,,,,,,,,,,,校园招聘,,2025年发布且未披露截止日期,,
False,北京,中国船舶集团有限公司,cn-soe-0013,中国船舶集团有限公司,0.714,0.85,,,official_listing_verified_detail_cache_miss,,,,研发工程师（兵器类）,研发工程师（兵器类）,北京市,2025-08-29,cssc-J11972,,,candidate_raw,candidate_raw,,not_disclosed,,official_recruitment_portal,https://cssc.zhiye.com/zpdetail/311042420?PageIndex=2,2026-07-13T18:34:16.473181+00:00,J11972,,,,,,,,,,,,校园招聘,,2025年发布且未披露截止日期,,
False,北京,中国船舶集团有限公司,cn-soe-0013,中国船舶集团有限公司,0.714,0.85,,,official_listing_verified_detail_cache_miss,,,,研发工程师（机械类）,研发工程师（机械类）,北京市,2025-08-29,cssc-J11982,,,candidate_raw,candidate_raw,,not_disclosed,,official_recruitment_portal,https://cssc.zhiye.com/zpdetail/311042419?PageIndex=2,2026-07-13T18:34:16.473189+00:00,J11982,,,,,,,,,,,,校园招聘,,2025年发布且未披露截止日期,,
False,北京,中国船舶集团有限公司,cn-soe-0013,中国船舶集团有限公司,0.714,0.85,,,official_listing_verified_detail_cache_miss,,,,研发工程师（力学类）,研发工程师（力学类）,北京市,2025-08-29,cssc-J11979,,,candidate_raw,candidate_raw,,not_disclosed,,official_recruitment_portal,https://cssc.zhiye.com/zpdetail/311042418?PageIndex=2,2026-07-13T18:34:16.473217+00:00,J11979,,,,,,,,,,,,校园招聘,,2025年发布且未披露截止日期,,
False,北京,中国船舶集团有限公司,cn-soe-0013,中国船舶集团有限公司,0.714,0.85,,,official_listing_verified_detail_cache_miss,,,,研发工程师（声学类）,研发工程师（声学类）,北京市,2025-08-29,cssc-J11981,,,candidate_raw,candidate_raw,,not_disclosed,,official_recruitment_portal,https://cssc.zhiye.com/zpdetail/311042417?PageIndex=2,2026-07-13T18:34:16.473227+00:00,J11981,,,,,,,,,,,,校园招聘,,2025年发布且未披露截止日期,,
False,北京,中国船舶集团有限公司,cn-soe-0013,中国船舶集团有限公司,0.714,0.85,,,official_listing_verified_detail_cache_miss,,,,研发工程师（数学类）,研发工程师（数学类）,北京市,2025-08-29,cssc-J11978,,,candidate_raw,candidate_raw,,not_disclosed,,official_recruitment_portal,https://cssc.zhiye.com/zpdetail/311042416?PageIndex=2,2026-07-13T18:34:16.473235+00:00,J11978,,,,,,,,,,,,校园招聘,,2025年发布且未披露截止日期,,
False,北京,中国船舶集团有限公司,cn-soe-0013,中国船舶集团有限公司,0.714,0.85,,,official_listing_verified_detail_cache_miss,,,,研发工程师（水声工程）,研发工程师（水声工程）,北京市,2025-08-29,cssc-J11980,,,candidate_raw,candidate_raw,,not_disclosed,,official_recruitment_portal,https://cssc.zhiye.com/zpdetail/311042415?PageIndex=2,2026-07-13T18:34:16.473243+00:00,J11980,,,,,,,,,,,,校园招聘,,2025年发布且未披露截止日期,,
False,北京,中国船舶集团有限公司,cn-soe-0013,中国船舶集团有限公司,0.714,0.85,,,official_listing_verified_detail_cache_miss,,,,研发工程师（生物医学工程）,研发工程师（生物医学工程）,北京市,2025-08-29,cssc-J11983,,,candidate_raw,candidate_raw,,not_disclosed,,official_recruitment_portal,https://cssc.zhiye.com/zpdetail/311042414?PageIndex=3,2026-07-13T18:34:16.473251+00:00,J11983,,,,,,,,,,,,校园招聘,,,,
False,北京,中国船舶集团有限公司,cn-soe-0013,中国船舶集团有限公司,0.714,0.85,,,official_listing_verified_detail_cache_miss,,,,研发工程师（电力电子类）,研发工程师（电力电子类）,北京市,2025-08-29,cssc-J11986,,,candidate_raw,candidate_raw,,not_disclosed,,official_recruitment_portal,https://cssc.zhiye.com/zpdetail/311042413?PageIndex=3,2026-07-13T18:34:16.473260+00:00,J11986,,,,,,,,,,,,校园招聘,,,,
False,北京,中国船舶集团有限公司,cn-soe-0013,中国船舶集团有限公司,0.714,0.85,,,official_listing_verified_detail_cache_miss,,,,研发工程师（光学工程类）,研发工程师（光学工程类）,北京市,2025-08-29,cssc-J11984,,,candidate_raw,candidate_raw,,not_disclosed,,official_recruitment_portal,https://cssc.zhiye.com/zpdetail/311042412?PageIndex=3,2026-07-13T18:34:16.473268+00:00,J11984,,,,,,,,,,,,校园招聘,,,,
False,北京,中国船舶集团有限公司,cn-soe-0013,中国船舶集团有限公司,0.714,0.85,,,official_listing_verified_detail_cache_miss,,,,研发工程师（交通运输类）,研发工程师（交通运输类）,北京市,2025-08-29,cssc-J11985,,,candidate_raw,candidate_raw,,not_disclosed,,official_recruitment_portal,https://cssc.zhiye.com/zpdetail/311042411?PageIndex=3,2026-07-13T18:34:16.473276+00:00,J11985,,,,,,,,,,,,校园招聘,,,,
False,郑州,中国船舶集团有限公司,cn-soe-0013,中国船舶集团有限公司,0.714,0.85,,,official_listing_verified_detail_cache_miss,,,,财务管理专员,财务管理专员,河南省-郑州市,2025-08-27,cssc-J11965,,,candidate_raw,candidate_raw,,not_disclosed,,official_recruitment_portal,https://cssc.zhiye.com/zpdetail/311040756?PageIndex=3,2026-07-13T18:34:16.473284+00:00,J11965,,,,,,,,,,,中国船舶713研究所,校园招聘,,,,
False,郑州,中国船舶集团有限公司,cn-soe-0013,中国船舶集团有限公司,0.714,0.85,,,official_listing_verified_detail_cache_miss,,,,工艺设计工程师,工艺设计工程师,河南省-郑州市,2025-08-27,cssc-J11958,,,candidate_raw,candidate_raw,,not_disclosed,,official_recruitment_portal,https://cssc.zhiye.com/zpdetail/311040755?PageIndex=3,2026-07-13T18:34:16.473293+00:00,J11958,,,,,,,,,,,中国船舶713研究所,校园招聘,,,,
False,上海,中国船舶集团有限公司,cn-soe-0013,中国船舶集团有限公司,0.714,0.85,,,official_listing_verified_detail_cache_miss,,,,船舶设计工程师（总体、结构、舾装）-2026届校园招聘,船舶设计工程师（总体、结构、舾装）-2026届校园招聘,上海市,2025-08-22,cssc-J11961,,,candidate_raw,candidate_raw,,not_disclosed,,official_recruitment_portal,https://cssc.zhiye.com/zpdetail/311038239?PageIndex=3,2026-07-13T18:34:16.473301+00:00,J11961,,,,,,,,,,,上海船舶研究设计院,校园招聘,,,,
False,上海,中国船舶集团有限公司,cn-soe-0013,中国船舶集团有限公司,0.714,0.85,,,official_listing_verified_detail_cache_miss,,,,船舶设计工程师（轮机）-2026届校园招聘,船舶设计工程师（轮机）-2026届校园招聘,上海市,2025-08-22,cssc-J11962,,,candidate_raw,candidate_raw,,not_disclosed,,official_recruitment_portal,https://cssc.zhiye.com/zpdetail/311038238?PageIndex=3,2026-07-13T18:34:16.473309+00:00,J11962,,,,,,,,,,,上海船舶研究设计院,校园招聘,,,,
False,上海,中国船舶集团有限公司,cn-soe-0013,中国船舶集团有限公司,0.714,0.85,,,official_listing_verified_detail_cache_miss,,,,船舶设计工程师（电气）-2026届校园招聘,船舶设计工程师（电气）-2026届校园招聘,上海市,2025-08-22,cssc-J11963,,,candidate_raw,candidate_raw,,not_disclosed,,official_recruitment_portal,https://cssc.zhiye.com/zpdetail/311038237?PageIndex=3,2026-07-13T18:34:16.473317+00:00,J11963,,,,,,,,,,,上海船舶研究设计院,校园招聘,,,,
False,上海,中国船舶集团有限公司,cn-soe-0013,中国船舶集团有限公司,0.714,0.85,,,official_listing_verified_detail_cache_miss,,,,智能船舶工程师-2026届校园招聘,智能船舶工程师-2026届校园招聘,上海市,2025-08-22,cssc-J11964,,,candidate_raw,candidate_raw,,not_disclosed,,official_recruitment_portal,https://cssc.zhiye.com/zpdetail/311038236?PageIndex=3,2026-07-13T18:34:16.473325+00:00,J11964,,,,,,,,,,,上海船舶研究设计院,校园招聘,,,,
False,郑州,中国船舶集团有限公司,cn-soe-0013,中国船舶集团有限公司,0.714,0.85,,,official_listing_verified_detail_cache_miss,,,,机械研发工程师,机械研发工程师,河南省-郑州市,2025-08-18,cssc-J11953,,,candidate_raw,candidate_raw,,not_disclosed,,official_recruitment_portal,https://cssc.zhiye.com/zpdetail/311036361?PageIndex=3,2026-07-13T18:34:16.473333+00:00,J11953,,,,,,,,,,,中国船舶713研究所,校园招聘,,,,
False,郑州,中国船舶集团有限公司,cn-soe-0013,中国船舶集团有限公司,0.714,0.85,,,official_listing_verified_detail_cache_miss,,,,控制设计工程师,控制设计工程师,河南省-郑州市,2025-08-18,cssc-J11954,,,candidate_raw,candidate_raw,,not_disclosed,,official_recruitment_portal,https://cssc.zhiye.com/zpdetail/311036360?PageIndex=3,2026-07-13T18:34:16.473341+00:00,J11954,,,,,,,,,,,中国船舶713研究所,校园招聘,,,,
False,郑州,中国船舶集团有限公司,cn-soe-0013,中国船舶集团有限公司,0.714,0.85,,,official_listing_verified_detail_cache_miss,,,,软件研发工程师,软件研发工程师,河南省-郑州市,2025-08-18,cssc-J11955,,,candidate_raw,candidate_raw,,not_disclosed,,official_recruitment_portal,https://cssc.zhiye.com/zpdetail/311036359?PageIndex=3,2026-07-13T18:34:16.473354+00:00,J11955,,,,,,,,,,,中国船舶713研究所,校园招聘,,,,
False,郑州,中国船舶集团有限公司,cn-soe-0013,中国船舶集团有限公司,0.714,0.85,,,official_listing_verified_detail_cache_miss,,,,电气设计工程师,电气设计工程师,河南省-郑州市,2025-08-18,cssc-J11956,,,candidate_raw,candidate_raw,,not_disclosed,,official_recruitment_portal,https://cssc.zhiye.com/zpdetail/311036358?PageIndex=3,2026-07-13T18:34:16.473363+00:00,J11956,,,,,,,,,,,中国船舶713研究所,校园招聘,,,,
False,郑州,中国船舶集团有限公司,cn-soe-0013,中国船舶集团有限公司,0.714,0.85,,,official_listing_verified_detail_cache_miss,,,,武器系统研发工程师,武器系统研发工程师,河南省-郑州市,2025-08-18,cssc-J11957,,,candidate_raw,candidate_raw,,not_disclosed,,official_recruitment_portal,https://cssc.zhiye.com/zpdetail/311036357?PageIndex=3,2026-07-13T18:34:16.473371+00:00,J11957,,,,,,,,,,,中国船舶713研究所,校园招聘,,,,
False,连云港,中国船舶集团有限公司,cn-soe-0013,中国船舶集团有限公司,0.714,0.85,,,official_listing_verified_detail_cache_miss,,,,电气工程师（连云港分中心）,电气工程师（连云港分中心）,江苏省-连云港市,2025-02-17,cssc-J11723,,,candidate_raw,candidate_raw,,not_disclosed,,official_recruitment_portal,https://cssc.zhiye.com/zpdetail/310981752?PageIndex=4,2026-07-13T18:34:16.473379+00:00,J11723,,,,,,,,,,,中船智海创新研究院有限公司,校园招聘,,,,
False,连云港,中国船舶集团有限公司,cn-soe-0013,中国船舶集团有限公司,0.714,0.85,,,official_listing_verified_detail_cache_miss,,,,研发工程师（人工智能）-连云港分中心,研发工程师（人工智能）-连云港分中心,江苏省-连云港市,2025-02-17,cssc-J11725,,,candidate_raw,candidate_raw,,not_disclosed,,official_recruitment_portal,https://cssc.zhiye.com/zpdetail/310981751?PageIndex=4,2026-07-13T18:34:16.473388+00:00,J11725,,,,,,,,,,,中船智海创新研究院有限公司,校园招聘,,,,
False,连云港,中国船舶集团有限公司,cn-soe-0013,中国船舶集团有限公司,0.714,0.85,,,official_listing_verified_detail_cache_miss,,,,软件工程师-连云港分中心,软件工程师-连云港分中心,江苏省-连云港市,2025-02-17,cssc-J11726,,,candidate_raw,candidate_raw,,not_disclosed,,official_recruitment_portal,https://cssc.zhiye.com/zpdetail/310981750?PageIndex=4,2026-07-13T18:34:16.473399+00:00,J11726,,,,,,,,,,,中船智海创新研究院有限公司,校园招聘,,,,
False,连云港,中国船舶集团有限公司,cn-soe-0013,中国船舶集团有限公司,0.714,0.85,,,official_listing_verified_detail_cache_miss,,,,智能认知算法工程师-连云港分中心,智能认知算法工程师-连云港分中心,江苏省-连云港市,2025-02-17,cssc-J11727,,,candidate_raw,candidate_raw,,not_disclosed,,official_recruitment_portal,https://cssc.zhiye.com/zpdetail/310981749?PageIndex=4,2026-07-13T18:34:16.473407+00:00,J11727,,,,,,,,,,,中船智海创新研究院有限公司,校园招聘,,,,
False,连云港,中国船舶集团有限公司,cn-soe-0013,中国船舶集团有限公司,0.714,0.85,,,official_listing_verified_detail_cache_miss,,,,算法工程师-连云港分中心,算法工程师-连云港分中心,江苏省-连云港市,2025-02-17,cssc-J11729,,,candidate_raw,candidate_raw,,not_disclosed,,official_recruitment_portal,https://cssc.zhiye.com/zpdetail/310981747?PageIndex=4,2026-07-13T18:34:16.473415+00:00,J11729,,,,,,,,,,,中船智海创新研究院有限公司,校园招聘,,,,
False,连云港,中国船舶集团有限公司,cn-soe-0013,中国船舶集团有限公司,0.714,0.85,,,official_listing_verified_detail_cache_miss,,,,体系架构设计工程师-连云港分中心,体系架构设计工程师-连云港分中心,江苏省-连云港市,2025-02-17,cssc-J11730,,,candidate_raw,candidate_raw,,not_disclosed,,official_recruitment_portal,https://cssc.zhiye.com/zpdetail/310981746?PageIndex=4,2026-07-13T18:34:16.473423+00:00,J11730,,,,,,,,,,,中船智海创新研究院有限公司,校园招聘,,,,
False,连云港,中国船舶集团有限公司,cn-soe-0013,中国船舶集团有限公司,0.714,0.85,,,official_listing_verified_detail_cache_miss,,,,规划算法工程师-连云港分中心,规划算法工程师-连云港分中心,江苏省-连云港市,2025-02-17,cssc-J11731,,,candidate_raw,candidate_raw,,not_disclosed,,official_recruitment_portal,https://cssc.zhiye.com/zpdetail/310981745?PageIndex=4,2026-07-13T18:34:16.473433+00:00,J11731,,,,,,,,,,,中船智海创新研究院有限公司,校园招聘,,,,
False,连云港,中国船舶集团有限公司,cn-soe-0013,中国船舶集团有限公司,0.714,0.85,,,official_listing_verified_detail_cache_miss,,,,体系设计工程师-连云港分中心,体系设计工程师-连云港分中心,江苏省-连云港市,2025-02-17,cssc-J11733,,,candidate_raw,candidate_raw,,not_disclosed,,official_recruitment_portal,https://cssc.zhiye.com/zpdetail/310981743?PageIndex=4,2026-07-13T18:34:16.473443+00:00,J11733,,,,,,,,,,,中船智海创新研究院有限公司,校园招聘,,,,
False,连云港,中国船舶集团有限公司,cn-soe-0013,中国船舶集团有限公司,0.714,0.85,,,official_listing_verified_detail_cache_miss,,,,规划工程师-连云港分中心,规划工程师-连云港分中心,江苏省-连云港市,2025-02-17,cssc-J11734,,,candidate_raw,candidate_raw,,not_disclosed,,official_recruitment_portal,https://cssc.zhiye.com/zpdetail/310981742?PageIndex=4,2026-07-13T18:34:16.473451+00:00,J11734,,,,,,,,,,,中船智海创新研究院有限公司,校园招聘,,,,
False,北京,中国船舶集团有限公司,cn-soe-0013,中国船舶集团有限公司,0.714,0.85,,,official_listing_verified_detail_cache_miss,,,,规划算法工程师,规划算法工程师,北京市,2025-02-17,cssc-J11866,,,candidate_raw,candidate_raw,,not_disclosed,,official_recruitment_portal,https://cssc.zhiye.com/zpdetail/310981740?PageIndex=4,2026-07-13T18:34:16.473459+00:00,J11866,,,,,,,,,,,中船智海创新研究院有限公司,校园招聘,,,,
False,北京,中国船舶集团有限公司,cn-soe-0013,中国船舶集团有限公司,0.714,0.85,,,official_listing_verified_detail_cache_miss,,,,软件研发工程师,软件研发工程师,北京市,2025-02-17,cssc-J11892,,,candidate_raw,candidate_raw,,not_disclosed,,official_recruitment_portal,https://cssc.zhiye.com/zpdetail/310981737?PageIndex=4,2026-07-13T18:34:16.473467+00:00,J11892,,,,,,,,,,,中船智海创新研究院有限公司,校园招聘,,,,
False,上海,中国船舶集团有限公司,cn-soe-0013,中国船舶集团有限公司,0.714,0.85,,,official_listing_verified_detail_cache_miss,,,,2025届校招生,2025届校招生,上海市,2024-09-04,cssc-J11927,,,candidate_raw,candidate_raw,,not_disclosed,,official_recruitment_portal,https://cssc.zhiye.com/zpdetail/310938427?PageIndex=4,2026-07-13T18:34:16.473475+00:00,J11927,,,,,,,,,,,上海外高桥造船有限公司,校园招聘,,,,
False,,中国船舶集团有限公司,cn-soe-0013,中国船舶集团有限公司,0.714,0.85,,,official_listing_verified_detail_cache_miss,,,,技术岗,技术岗,天津市、江西省等（列表截断，待详情复核）,2024-04-09,cssc-J11863,,,candidate_raw,candidate_raw,,not_disclosed,,official_recruitment_portal,https://cssc.zhiye.com/zpdetail/310889241?PageIndex=4,2026-07-13T18:34:16.473483+00:00,J11863,,,,,,,,,,,中国船舶第707研究所,校园招聘,,,,
False,,中国船舶集团有限公司,cn-soe-0013,中国船舶集团有限公司,0.714,0.85,,,official_listing_verified_detail_cache_miss,,,,技能岗,技能岗,天津市、江西省等（列表截断，待详情复核）,2024-04-09,cssc-J11869,,,candidate_raw,candidate_raw,,not_disclosed,,official_recruitment_portal,https://cssc.zhiye.com/zpdetail/310889240?PageIndex=4,2026-07-13T18:34:16.473493+00:00,J11869,,,,,,,,,,,中国船舶第707研究所,校园招聘,,,,
False,上海,中国船舶集团有限公司,cn-soe-0013,中国船舶集团有限公司,1.0,0.95,,,official_detail_complete_no_deadline,硕士以上,未明确年限；智能汽车行业相关经历优先,若干,智能船AI算法工程师,智能船AI算法工程师,上海市-浦东新区,2026-01-20,cssc-J12014,硕士以上；人工智能、计算机科学等专业；熟悉深度学习框架、强化学习、知识图谱、AutoML及主流技术生态，能开展算法开发、模型训练、大模型应用和模型部署；智能汽车行业相关经历优先。,解决人工智能算法及大模型技术的应用问题，满足自主航行系统功能需求。,review_pending,review_pending,25000-50000元/月,officially_disclosed,,official_recruitment_portal,https://cssc.zhiye.com/zpdetail/311095889,2026-07-13T18:34:16.473501+00:00,J12014,,,,,,,,,,,上海船舶研究设计院,社会招聘,全职,,,
False,上海,中国船舶集团有限公司,cn-soe-0013,中国船舶集团有限公司,1.0,0.95,,,official_detail_complete_no_deadline,硕士以上,,若干,智能船数据工程师,智能船数据工程师,上海市-浦东新区,2026-01-20,cssc-J12011,硕士以上，计算机科学专业；熟悉数据仓库、数据湖、实时计算、数据治理，能处理数据采集、处理、分析与应用；熟悉MySQL、Redis及数据库管理和性能优化；了解Hadoop、Spark、Flink。,搭建数据架构，解决多源异构数据处理及应用问题，满足数智底座数据层研发需求。,review_pending,review_pending,25000-50000元/月,officially_disclosed,,official_recruitment_portal,https://cssc.zhiye.com/zpdetail/311095869,2026-07-13T18:34:16.473511+00:00,J12011,,,,,,,,,,,上海船舶研究设计院,社会招聘,全职,,,
False,北京,中国船舶集团有限公司,cn-soe-0013,中国船舶集团有限公司,1.0,0.95,,,official_detail_complete_no_deadline,硕士研究生及以上,3年以上,若干,建模仿真工程师,建模仿真工程师,北京市-海淀区,2025-10-31,cssc-J12007,建模仿真、计算机、软件、控制科学与工程相关专业硕士研究生及以上；3年以上系统建模仿真及相关软件开发经验；掌握系统建模、分布式仿真、LVC仿真及HLA、DDS；精通C++或Java；有大模型研究实践经验优先。,负责仿真系统需求分析、架构和接口设计及技术方案；完成技术选型和技术规范制定；解决并发、高可用、数据一致性等问题并设计容灾、应急、负载均衡和性能优化方案；组织实施仿真软件开发并参与技术评审。,review_pending,review_pending,,not_disclosed,,official_recruitment_portal,https://cssc.zhiye.com/zpdetail/311064864,2026-07-13T18:34:16.473519+00:00,J12007,,,,,,,,,,,,社会招聘,全职,2025年发布，2026-07-13仍显示申请入口但无截止日期，需人工复核,面议,
False,北京,中国船舶集团有限公司,cn-soe-0013,中国船舶集团有限公司,1.0,0.95,,,official_detail_complete_no_deadline,硕士研究生及以上,4年以上,若干,试验设计工程师,试验设计工程师,北京市-海淀区,2025-10-22,cssc-J12009,硕士研究生及以上；4年以上相关工作经验，试验设计与组织管理经验优先；熟悉信息系统设计集成方法与规范；掌握试验设计测试理论方法；具备跨团队沟通和文档写作能力。,协助开展集成验证设计、试验统筹设计与总体规划；组织试验方法研究、样本设计和数据分析；协助设计试验系统方案和建设试验环境；协助组织实施试验。,review_pending,review_pending,,not_disclosed,,official_recruitment_portal,https://cssc.zhiye.com/zpdetail/311061715,2026-07-13T18:34:16.473529+00:00,J12009,,,,,,,,,,,,社会招聘,全职,2025年发布，2026-07-13仍显示申请入口但无截止日期，需人工复核,面议,
False,北京,中国船舶集团有限公司,cn-soe-0013,中国船舶集团有限公司,1.0,0.95,,,official_detail_complete_no_deadline,,校园招聘；未明确年限,若干,智能认知算法工程师,智能认知算法工程师,北京市-海淀区,2025-09-11,cssc-J12000,人工智能、计算机或软件、应用数学相关专业；有图像处理、知识图谱、数据挖掘等学术或工程经验；有软件编程经验，熟练使用Matlab或TensorFlow等AI模型开发工具。,负责智能化分析方法和算法研究；提炼优化智能模型与算法并跟踪新技术；参与应用系统设计和模型算法持续改进。,review_pending,review_pending,,not_disclosed,,official_recruitment_portal,https://cssc.zhiye.com/zpdetail/311047528,2026-07-13T18:34:16.473538+00:00,J12000,,,,,,,,,,,中船智海创新研究院有限公司,校园招聘,全职,2025年发布，2026-07-13仍显示申请入口但无截止日期，需人工复核,面议,
False,北京,中国船舶集团有限公司,cn-soe-0013,中国船舶集团有限公司,1.0,0.95,,,official_detail_complete_no_deadline,,校园招聘；相关经验优先,若干,电气工程师,电气工程师,北京市,2025-09-11,cssc-J11998,电气工程相关专业；掌握电气、电子、自动控制基础；相关电气设计实施或军工单位经验优先；熟悉军工产品科研、质量管理和研制程序，具备沟通和技术创新能力。,负责船用电气设计和实施，参与相关项目论证、设计、研制和装备生产。,review_pending,review_pending,,not_disclosed,,official_recruitment_portal,https://cssc.zhiye.com/zpdetail/311047521,2026-07-13T18:34:16.473546+00:00,J11998,,,,,,,,,,,中船智海创新研究院有限公司,校园招聘,全职,2025年发布，2026-07-13仍显示申请入口但无截止日期，需人工复核,面议,
False,北京,中国船舶集团有限公司,cn-soe-0013,中国船舶集团有限公司,1.0,0.95,,,official_detail_complete_no_deadline,,校园招聘；相关经验优先,若干,测试工程师,测试工程师,北京市-海淀区,2025-09-11,cssc-J11997,计算机科学与技术、控制科学与工程/系统工程、模式识别与智能系统相关专业；掌握测试系统基础理论；平台总体设计实施或军工单位经验优先；具备智能算法开发、训练、测试经验。,负责自主能力测试系统构建与实施，参与项目论证、设计、研制和生产。,review_pending,review_pending,,not_disclosed,,official_recruitment_portal,https://cssc.zhiye.com/zpdetail/311047516,2026-07-13T18:34:16.473554+00:00,J11997,,,,,,,,,,,中船智海创新研究院有限公司,校园招聘,全职,2025年发布，2026-07-13仍显示申请入口但无截止日期，需人工复核,面议,
False,北京,中国船舶集团有限公司,cn-soe-0013,中国船舶集团有限公司,1.0,0.95,,,official_detail_complete_no_deadline,,校园招聘；未明确年限,若干,系统研发工程师,系统研发工程师,北京市-海淀区,2025-09-11,cssc-J11996,具备各类平台机动控制相关工程能力和较强逻辑思维；熟悉相关领域发展；有软件编程经验，熟悉C++、Python、Java；熟悉软件工程方法者优先。,参与系统设计与研发；跟踪国内外技术发展并提升现有仿真系统；研究管理相关智能技术应用。,review_pending,review_pending,,not_disclosed,,official_recruitment_portal,https://cssc.zhiye.com/zpdetail/311047512,2026-07-13T18:34:16.473562+00:00,J11996,,,,,,,,,,,中船智海创新研究院有限公司,校园招聘,全职,2025年发布，2026-07-13仍显示申请入口但无截止日期，需人工复核,面议,
False,结合企业需求和个人意向，进行全国分配。,河南双汇投资发展股份有限公司,cn-food-0232,河南双汇投资发展股份有限公司,0.714,0.85,,,parsed_single_position_html,本科及以上学历。,,,大学生招聘,大学生招聘,结合企业需求和个人意向，进行全国分配。,,e0a5908bb4b545126f9107e8,【群英汇-管培学员】综合类 投递简历 立即申请 姓名： 性别： 男 女 民族： 出生年月： 年龄： 籍贯： 现居地： 联系电话： 邮箱： 毕业院校： 所学专业： 专业分类： 管理类 经济贸易类 财务会计类 食品类 畜牧养殖类 机械（电气）类 安全环保类 市场营销类 电子商务类 数学统计类 生物化学类 化工包装类 计算机信息类 外语类 法学法律类 艺术设计类 其他类 学历： 初中 高中 中专 大专 本科 硕士 博士 学历性质： 统招 非统招 海外学历 毕业时间： 曾担任校内职务： 专业证书： 工作（实习）经历： 参与课题： 自我评价： 立即发送 【群英汇-管培学员】销售类 所在地区： 需求人数：200-300 查看详情 岗位描述 ·招聘人数： 200-300 人。 ·薪酬待遇： 9000 -12000 元 / 月。 ·学历要求： 本科及以上学历。 ·专业要求： 市场营销、工商管理、经济贸易等优先。 ·,,candidate_raw,candidate_raw,,not_disclosed,,official_recruitment_portal,https://www.shuanghui.net/job-51.html,2026-07-13T18:19:05.323591+00:00,,,,,,,,,,,,,,,,,
False,"Lenovo US Fulfillment Center, Whitsett, NC",联想集团有限公司,cn-tech-0063,联想集团有限公司,0.857,0.9,,,parsed_single_position_html,,,,Lenovo,Lenovo,"Lenovo US Fulfillment Center, Whitsett, NC",,fb06aff1e7e9116f326ee56a,"Location : Lenovo US Fulfillment Center, Whitsett, NC Schedule : Full-time, 5 days onsite per week, First Shift Operations Availability : Occasional weekends and holidays as required About Lenovo Lenovo is a global technology leader known for innovation in PCs, servers, mobile devices, and smart solutions. You can be part of a global leader in technology and innovation, working on cutting-edge server platforms and manufacturing systems while collaborating with top talent across engineering, logistics, and operations and enjoying a dynamic work culture with opportunities for growth and impact. At our US Fulfillment Center in Whitsett, NC, we drive excellence in manufacturing and logistics to support our Infrastructure Solutions Group (ISG). We are seeking a highly experienced and technically skilled Server Test Engineer to lead and optimize server production operations. This role is critical to ensuring high-quality output, process efficiency, and alignment with Lenovo’s global manufacturing standards. Key Responsibilities: Conduct comprehensive testing and validation of server hardware components. Collaborate with cross-functional teams to ensure product quality and reliability. Develop and execute test plans, test cases, and test scripts to Lenovo global standards. Identify, document, and track defects, and work with engineering teams to resolve issues. Participate in design and specification reviews. Analyze test results and provide detailed reports to stakeholders. Able to setup test infrastructure or hardware like Core servers, switches, rack cabling. Troubleshooting any test related issues using python, shell or bash command line. Basic Qualifications: BS in Computer Science, Electrical Engineering, or a related field. Minimum of 3 years of experience in testing server hardware. Preferred Qualifications: Familiar with x86 Intel server architecture and/or GPU Nvidia Arm based technology. Familiarity with server components like CPU, memory, BIOS/UEFI, BMC, PSU, motherboard. Deep understanding of BIOS/UEFI and BMC validation, including Redfish, PLDM, IPMI. Proficiency with Tier 1 server OSes such as Windows Server, RHEL/SUSE, VMware. Proven ability to troubleshoot complex hardware issues. Hands on experience with Python and Bash scripting. Experience working in fast-paced manufacturing or production environments. Basic skills in IP, routing, MAC address handling, and port troubleshooting. Ability to configure PXE, DHCP, and other server services. Strong verbal and written English skills; effective team collaboration. Understanding of validation processes and test methodologies. Work Environment: Fast-paced, collaborative, and innovative environment. Emphasis on safety, sustainability, and continuous improvement. In essence, Test Engineers are the bridge between product design and the finished product, ensuring that manufacturing processes are efficient, cost-effective, and produce high-quality goods. The ideal candidate should demonstrate the ability to work independently in a high-pressure, results-oriented organization and have experience in self-management and motivating cross-functional teams to achieve business KPIs. We are an Equal Opportunity Employer and do not discriminate against any employee or applicant for employment because of race, color, sex, age, religion, sexual orientation, gender identity, national origin, status as a veteran, and basis of disability or any federal, state, or local protected class. Additional","Conduct comprehensive testing and validation of server hardware components. Collaborate with cross-functional teams to ensure product quality and reliability. Develop and execute test plans, test cases, and test scripts to Lenovo global standards. Identify, document, and track defects, and work with engineering teams to resolve issues. Participate in design and specification reviews. Analyze test results and provide detailed reports to stakeholders. Able to setup test infrastructure or hardware like Core servers, switches, rack cabling. Troubleshooting any test related issues using python, shell or bash command line. Basic",candidate_raw,candidate_raw,,not_disclosed,,official_recruitment_portal,https://jobs.lenovo.com/en_US/careers/JobDetail/Server-Test-Engineer/76629,2026-07-13T18:34:06.441432+00:00,,,,,,,,,,,,,,,,,https://jobs.lenovo.com/en_US/careers/JobDetail/Server-Test-Engineer/76629
False,,联想集团有限公司,cn-tech-0063,联想集团有限公司,0.714,0.85,,,parsed_single_position_html,,,,Lenovo,Lenovo,,,ade73978a84159e82f483c77,"Lenovo ISG is seeking UEFI engineers with 6-15 yrs of experience for next generation server products. You will work closely with internal teams and be responsible for all UEFI/BIOS related works during the planning, development, and validation phases of the server product development. Responsibilities (but not limited as list): * Responsible for x86 and ARM server UEFI/BIOS development, including feature development and bug fixing. * Working with internal team to design new product features into next generation. * Working with internal team and end-customers to understand customer’s requirements. Requirements * Bachelors or higher degree in Computer Science, Electronics Engineering, or similar field. * Strong Server UEFI/ BIOS development experience. * Strong C coding skills. * Good knowledge on processor architecture and OS internals * Good knowledge one or more of the UEFI related technology areas like SMBIOS, Boot Loaders, PCIe, Secure Boot, System Performance etc. * Excellent debugging skills, experience in using debugging tools * Strong communication and collaboration skills with multi-functional teams. * Demonstrated ability in mentoring/developing junior staff members * Provides advice in technical/operational domain of specialization. Additional","(but not limited as list): * Responsible for x86 and ARM server UEFI/BIOS development, including feature development and bug fixing. * Working with internal team to design new product features into next generation. * Working with internal team and end-customers to understand customer’s",candidate_raw,candidate_raw,,not_disclosed,,official_recruitment_portal,https://jobs.lenovo.com/en_US/careers/JobDetail/Firmware-Engineer-I-UEFI/79236,2026-07-13T18:34:06.468794+00:00,,,,,,,,,,,,,,,,,https://jobs.lenovo.com/en_US/careers/JobDetail/Firmware-Engineer-I-UEFI/79236
False,,联想集团有限公司,cn-tech-0063,联想集团有限公司,0.571,0.8,,,parsed_single_position_html,,,,Lenovo,Lenovo,,,c85416d7396f93abb2c00362,"Objetivo do Cargo: Atuar no suporte aos processos de vendas, incluindo elaboração de cotações e gestão das demandas operacionais da área, garantindo o tratamento e acompanhamento ponta a ponta das solicitações recebidas, com foco na resolução de problemas, alinhamento entre áreas e excelência na experiência dos clientes internos e externos. A posição requer perfil organizado, proativo e colaborativo, com capacidade de analisar situações, tratar exceções e atuar em conjunto com diferentes áreas da companhia, contribuindo para a eficiência da operação e para a melhoria contínua dos processos. Principais Responsabilidades Apoiar atividades relacionadas à elaboração de cotações, garantindo qualidade, precisão e cumprimento dos prazos estabelecidos. Atuar no suporte operacional aos processos de vendas, realizando análise, direcionamento e acompanhamento ponta a ponta das demandas da área, assegurando sua resolução dentro dos prazos e padrões estabelecidos pela companhia. Tratar exceções e apoiar a resolução de problemas relacionados ao ciclo de vendas, atuando em conjunto com as áreas responsáveis para identificar causas, viabilizar soluções e garantir a continuidade das operações. Trabalhar de forma integrada com Vendas, Parceiros, Clientes e demais áreas internas da companhia, facilitando a comunicação, destravando demandas e escalando situações críticas quando necessário. Manter controles operacionais e utilizar ferramentas corporativas para acompanhamento das atividades, organização da operação e monitoramento dos resultados da área. Identificar gargalos, riscos e oportunidades de melhoria, contribuindo para a eficiência da operação, padronização das atividades e evolução contínua dos processos. Compartilhar conhecimento e boas práticas com a equipe, contribuindo para a organização da área e o desenvolvimento contínuo do time. Formação e Experiência Ensino superior cursando ou concluído em Administração, Processos Gerenciais, Gestão Comercial, Engenharia ou áreas correlatas. Experiência prévia em atividades de Sales Support, Backoffice Comercial, Order Management, Customer Service ou áreas administrativas relacionadas ao suporte às vendas. Conhecimentos Técnicos Excel intermediário. Familiaridade com Power BI, SAP, MS Dynamics, Power Apps ou ferramentas similares será considerada um diferencial. Idiomas Inglês intermediário (leitura e escrita) será considerado um diferencial. Additional",,candidate_raw,candidate_raw,,not_disclosed,,official_recruitment_portal,https://jobs.lenovo.com/en_US/careers/JobDetail/Assistente-de-Suporte-a-Vendas-Jr/79297,2026-07-13T18:34:06.486705+00:00,,,,,,,,,,,,,,,,,https://jobs.lenovo.com/en_US/careers/JobDetail/Assistente-de-Suporte-a-Vendas-Jr/79297
False,,联想集团有限公司,cn-tech-0063,联想集团有限公司,0.571,0.8,,,parsed_single_position_html,,,,Lenovo,Lenovo,,,295b4bda0c093bb876161628,"The 4P Visual and Accessories Manager is responsible for product portfolio definition, product pricing, promotion budget allocation and identifying internal/external opportunities to develop the marketing campaign plan. In this role you will need to work closely with Lenovo Operations, the marketing team and channel sales team cross functions. While working with Management team you will analyze and evaluate the market environment to support the business decisions. This also includes cooperation with the Operation Product team to define the product portfolio plan and manage the planning tool. You will develop business tools to monitor major KPI’s using these KPI’s to ensure that the right actions are taken in country on promotions, portfolio, channel and marketing drive. You work independently and take initiative on complex issues and manage the full forecast for the region down to product and country level. You monitor the execution of the forecast and drive for higher forecast accuracy moving forward as well as set target too at a global level and at family level, monitor on a weekly basis and take corrective action if needed. In this role you will: Drive initiatives to maximize mix, margin and overall product contribution to the portfolio & business Be responsible for building, implementing, & executing country’s product demand generation programs, which align to quarterly & annual financial goals Analyze market research, customer feedback, and campaign performance data to identify target markets, optimize marketing strategies, and measure campaign effectiveness. Evaluate performance against plan at appropriate intervals (e.g., daily, weekly) and instigate corrective actions to keep country on track to achieve LOB goals Provide relevant input to the annual & quarterly planning cycles by LOB key financials (Platform Mix, Units, AUR, AUM, Rev$, Margin$) Effectively manage Product Transitions with a view to maximizing revenue & profit Ensure accurate forecasting for relevant products; co-owner (with Sales) for country’s forecast Effectively differentiate Lenovo offerings from competitive alternatives and create distinct customer preference for Lenovo offerings. You will know when to bring elements of competitors' offerings or products into the equation to create the highest yielding deal for the customer and Lenovo Feedback competitive “price: spec” details to COE product/pricing team to help arrive at appropriate positioning and product messaging Develop customer-facing presentations tailored to different audience segments, emphasizing the product's value proposition. Collaborate with sales and marketing teams to develop launch strategies for different distribution channels. Position Requirements: Minimum 5+ years product and/or business management experience. Visuals & computer accessory product experience is advantageous. A degree equivalent – preferably in Business. Strong business / customer understanding, and comfortable with financial management and P&Ls Experience with technology products, ideally from IT industry Good analytical skills with high level of accuracy in data analysis and reacts with appropriate urgency to situations. Strong stakeholder influence and able to convince sales team. If you're passionate about delivering impact and driving results, we'd love to meet you. Apply now and let's create something exceptional together. We are an Equal Opportunity Employer and do not discriminate against any employee or applicant for employment because of race, color, sex, age, religion, sexual orientation, gender identity, national origin, status as a veteran, and basis of disability or any federal, state, or local protected class. Additional",,candidate_raw,candidate_raw,,not_disclosed,,official_recruitment_portal,https://jobs.lenovo.com/en_US/careers/JobDetail/Turkiye-4P-Adjacencies/79415,2026-07-13T18:34:07.292782+00:00,,,,,,,,,,,,,,,,,https://jobs.lenovo.com/en_US/careers/JobDetail/Turkiye-4P-Adjacencies/79415
False,"Lenovo US Mfg. Smart Campus, Whitsett, NC",联想集团有限公司,cn-tech-0063,联想集团有限公司,0.857,0.9,,,parsed_single_position_html,,,,Lenovo,Lenovo,"Lenovo US Mfg. Smart Campus, Whitsett, NC",,4e5e07fbfb8de285dd160099,"Location : Lenovo US Mfg. Smart Campus, Whitsett, NC Schedule : Full-time, 5 days onsite per week Availability : Occasional weekends and holidays as needed About Lenovo Lenovo is a global technology leader known for innovation in PCs, servers, mobile devices, and smart solutions. You can be part of a global leader in technology and innovation, working on cutting-edge server platforms and manufacturing systems while collaborating with top talent across engineering, logistics, and operations and enjoying a dynamic work culture with opportunities for growth and impact. At our US Smart Campus in Whitsett, NC, we drive excellence in manufacturing & Services to support our Infrastructure Solutions Group (ISG). We are seeking a highly experienced and technically skilled Senior Server Test Engineer to lead and optimize server production operations. This role is critical to ensuring high-quality output, process efficiency, and alignment with Lenovo’s global manufacturing standards. Key Responsibilities: Conduct comprehensive testing and validation of server hardware components. Collaborate with cross-functional teams to ensure product quality and reliability. Develop and execute test plans, test cases, and test scripts to Lenovo global standards. Identify, document, and track defects, and work with engineering teams to resolve issues. Participate in design and specification reviews. Analyze test results and provide detailed reports to stakeholders. Required Qualifications: BS in Computer Science, Electrical Engineering, or a related field. Minimum of 8 years of experience in testing server hardware. Preferred Qualifications: Familiar with x86 Intel server architecture and/or GPU Nvidia Arm based technology. Familiarity with server components like CPU, memory, BIOS/UEFI, BMC, PSU, motherboard. Deep understanding of BIOS/UEFI and BMC validation, including Redfish, PLDM, IPMI. Proficiency with Tier 1 server OSes such as Windows Server, RHEL/SUSE, VMware. Proven ability to troubleshoot complex hardware issues. Basic skills in IP, routing, MAC address handling, and port troubleshooting. Ability to configure PXE, DHCP, and other server services. Strong verbal and written English skills; effective team collaboration. Understanding of validation processes and test methodologies. Work Environment: Fast-paced, collaborative, and innovation-driven environment. Emphasis on safety, sustainability, and continuous improvement. In essence, Test Engineers are the bridge between product design and the finished product, ensuring that manufacturing processes are efficient, cost-effective, and produce high-quality goods. The ideal candidate should demonstrate the ability to work independently in a high-pressure, results-oriented organization and have experience in self-management and motivating cross-functional teams to achieve business KPIs. The ideal candidate must work without significant supervision and show leadership or management experience in past work experience. We are an Equal Opportunity Employer and do not discriminate against any employee or applicant for employment because of race, color, sex, age, religion, sexual orientation, gender identity, national origin, status as a veteran, and basis of disability or any federal, state, or local protected class. Additional","Conduct comprehensive testing and validation of server hardware components. Collaborate with cross-functional teams to ensure product quality and reliability. Develop and execute test plans, test cases, and test scripts to Lenovo global standards. Identify, document, and track defects, and work with engineering teams to resolve issues. Participate in design and specification reviews. Analyze test results and provide detailed reports to stakeholders. Required",candidate_raw,candidate_raw,,not_disclosed,,official_recruitment_portal,https://jobs.lenovo.com/en_US/careers/JobDetail/Senior-Server-Test-Engineer/79422,2026-07-13T18:34:07.638831+00:00,,,,,,,,,,,,,,,,,https://jobs.lenovo.com/en_US/careers/JobDetail/Senior-Server-Test-Engineer/79422
False,,联想集团有限公司,cn-tech-0063,联想集团有限公司,0.714,0.85,,,parsed_single_position_html,,,,Lenovo,Lenovo,,,4e68041423cd7410a36888d3,"Key Responsibilities Test Network & Server Setup • Build and configure test network environments including switches, PXE boot systems, and rack cabling. • Set up and maintain test servers (L1/L2) used in automated and manual validation processes. Issue Debugging & Reporting • Document and escalate issues with detailed root cause analysis and resolution tracking. Equipment Procurement & Management • Identify, evaluate, and procure test-related equipment including HiPot testers, racks, and diagnostic tools. • Maintain inventory and ensure quality and calibration of test equipment across production lines. Cross-Functional Collaboration • Work closely with engineering, quality, IT, and logistics teams to ensure seamless test operations. • Participate in design reviews and provide feedback on testability and infrastructure needs. Training & Documentation • Provide technical training to team members and technicians on test setup, equipment usage, and safety protocols. [Rough Job...re Support] • Develop and maintain SOPs and troubleshooting guides for test infrastructure. ________________________________________ Preferred Qualifications • Bachelor’s degree in Electrical Engineering, Computer Engineering, or related field. • 2+ years of experience in server hardware testing or manufacturing test support. • Proficiency in Linux system administration, network configuration (DHCP, FTP, SSH), and scripting (Python, Bash). • Familiarity with manufacturing test platforms like UTP and server validation processes (AVT, Burn-In, FVT). • Strong analytical and communication skills with a proactive approach to problem-solving. ________________________________________ Additional Skills • Experience with L1/L2 server architecture and PXE boot automation. • Understanding of test data visualization and benchmarking tools. • Ability to work in a fast-paced, cross-functional manufacturing environment. We are an Equal Opportunity Employer and do not discriminate against any employee or applicant for employment because of race, color, sex, age, religion, sexual orientation, gender identity, national origin, status as a veteran, and basis of disability or any federal, state, or local protected class. Additional","Test Network & Server Setup • Build and configure test network environments including switches, PXE boot systems, and rack cabling. • Set up and maintain test servers (L1/L2) used in automated and manual validation processes. Issue Debugging & Reporting • Document and escalate issues with detailed root cause analysis and resolution tracking. Equipment Procurement & Management • Identify, evaluate, and procure test-related equipment including HiPot testers, racks, and diagnostic tools. • Maintain inventory and ensure quality and calibration of test equipment across production lines. Cross-Functional Collaboration • Work closely with engineering, quality, IT, and logistics teams to ensure seamless test operations. • Participate in design reviews and provide feedback on testability and infrastructure needs. Training & Documentation • Provide technical training to team members and technicians on test setup, equipment usage, and safety protocols. [Rough Job...re Support] • Develop and maintain SOPs and troubleshooting guides for test infrastructure. ________________________________________ Preferred",candidate_raw,candidate_raw,,not_disclosed,,official_recruitment_portal,https://jobs.lenovo.com/en_US/careers/JobDetail/Manufacturing-Test-Infrastructure-Support-Engineer/79426,2026-07-13T18:34:07.672744+00:00,,,,,,,,,,,,,,,,,https://jobs.lenovo.com/en_US/careers/JobDetail/Manufacturing-Test-Infrastructure-Support-Engineer/79426
False,,联想集团有限公司,cn-tech-0063,联想集团有限公司,0.571,0.8,,,parsed_single_position_html,,,,Lenovo,Lenovo,,,411c9fe384d733608c0732d5,"The Senior Sales Specialist - Infrastructure Solutions Group (ISG) is responsible for driving revenue growth by acquiring new customers and expanding Lenovo's footprint within existing Enterprise and Public Sector accounts. Working closely with Account Managers, Client Managers, Channel Partners, and Technical Sales teams, the successful candidate will identify, qualify, and close opportunities across Lenovo's Infrastructure Solutions portfolio, including servers, storage, hybrid cloud, AI solutions, and services. The role is a senior individual-contributor role which requires strong customer engagement skills, solution-selling capabilities, and the ability to manage opportunities throughout the entire sales cycle. What you'll own: • Acquiring new Enterprise and Public Sector customers and develop business opportunities across assigned accounts, and within the assigned territory. • Building and maintaining a healthy pipeline of Infrastructure Solutions Group (ISG) opportunities, managing them from opportunity identification through closure. • Identifying, qualifying, and pursuing opportunities across Lenovo's server, storage, hybrid cloud, AI, and services portfolio. • Achieving and exceeding assigned sales targets and business objectives. • Acting as a trusted advisor by understanding customer business challenges and aligning Lenovo solutions to their needs. • Supporting customer retention efforts through proactive account engagement and relationship management, ensuring high levels of customer satisfaction and responsiveness. • Coordinating with technical specialists, solution architects, services teams, finance, and channel partners to develop customer solutions. • Managing RFPs, tenders, commercial discussion, contract negotiations and procurement processes for enterprise and public sector customers. • Working closely with channel partners to generate incremental pipeline and accelerate business growth. • Maintaining accurate opportunity tracking, pipeline management, and forecasting within CRM systems. What You Bring: • Bachelor's degree in Business, Information Technology, Engineering, or a related discipline. • Minimum 10–15 years of experience in enterprise technology sales, business development, or account management with Enterprise and/or Public Sector customers within the Gulf region. • Experience selling IT infrastructure solutions, data center technologies, cloud solutions, or enterprise services with a proven track record of achieving and exceeding sales targets. • Knowledge of server, storage, networking, hybrid cloud, AI, and infrastructure solutions. Experience with consumption-based or as-a-service offerings is an advantage. • Experience collaborating with channel partners and distributors. • Strong consultative and solution-selling skills, relationship building, stakeholder management capabilities, excellent communication, presentation, and negotiation abilities. Ready to advance your career and contribute to something bigger? Submit your application today and let's build the future together. We are an Equal Opportunity Employer and do not discriminate against any employee or applicant for employment because of race, color, sex, age, religion, sexual orientation, gender identity, national origin, status as a veteran, and basis of disability or any federal, state, or local protected class. Additional",,candidate_raw,candidate_raw,,not_disclosed,,official_recruitment_portal,https://jobs.lenovo.com/en_US/careers/JobDetail/ISG-Sales-Specialist/79516,2026-07-13T18:34:08.749485+00:00,,,,,,,,,,,,,,,,,https://jobs.lenovo.com/en_US/careers/JobDetail/ISG-Sales-Specialist/79516
False,,联想集团有限公司,cn-tech-0063,联想集团有限公司,0.571,0.8,,,parsed_single_position_html,,,,Lenovo,Lenovo,,,85aa3a1421302693fd01bfcc,"Principais responsabilidades da posição Reportando-se ao Gerente de OM para Brasil, as principais responsabilidades são: Análise dos principais problemas que impedem o carregamento dos pedidos no sistema e interação com os diversos times Lenovo para prover soluções pro-ativas de ordens atrasadas e críticas – Vendas / Fiscal / Fulfillment / Logística. Análise de documentação para processos de retorno de material, visando o correto carregamento no sistema. Análise de carteira de cliente, com as corretas tratativas e comunicação de datas e eventuais impedimentos para o correto fluxo do pedido, com análise da causa raiz para os casos que não atenderam o indicador de cada cliente, com o objetivo de suportar relatórios gerenciais para apresentação de resultados. Liderança no controle dos processos de retorno em andamento, coordenando ações com as equipes dentro do fluxo dos pedidos. Suportar o time de inventário nas ações de consumo de itens em estoque. Informações acadêmicas e pessoais Idioma: Inglês intermediário Pacote Office – Intermediário Pacote M365 – Intermediário Desejável conhecimento de Power BI e automações. Formação: Superior Principais competências pessoais Foco em Resultados Foco na Satisfação do cliente Senso de Responsabilidade Atenção a detalhe Proatividade Organização Boa Comunicação Facilidade para trabalhar em equipe Additional",,candidate_raw,candidate_raw,,not_disclosed,,official_recruitment_portal,https://jobs.lenovo.com/en_US/careers/JobDetail/Analista-de-suporte-ao-cliente-Jr/79527,2026-07-13T18:34:08.769252+00:00,,,,,,,,,,,,,,,,,https://jobs.lenovo.com/en_US/careers/JobDetail/Analista-de-suporte-ao-cliente-Jr/79527
False,,联想集团有限公司,cn-tech-0063,联想集团有限公司,0.714,0.85,,,parsed_single_position_html,,,,Lenovo,Lenovo,,,1b18799c4b4e62cf5016873c,"The North American Services Supply Chain organization is seeking a strong candidate for the role of NA Order Fulfillment Specialist. This role within the team is to support in-warranty parts fulfillment for the PC sector of the business. The ideal candidate would be well organized and comfortable with managing multiple tasks including part order backlog, providing ETAs, clean order activities, and responding to emails in a timely manner to support our internal and external customers. Day to Day Responsibilities include: · Manage daily backlog for in-warranty PC part orders. o Track incoming supply and manage ETAs to customers. o Find alternate sources of supply for hard to source parts. o Identify Incorrect part orders and provide the correct part to order o Highlight help needed parts and work with the Worldwide team to pull in orders with extended ETAs. o Respond to personal and group email box inquiries from the call centers and other internal customer regarding questions about backorders · Manage clean order activities to ensure timely parts order fulfillment. o Work with the 3PL to rectify any orders that did not flow correctly. o Work with the inventory team for any needed adjustments on discrepant material. Basic Qualifications: · Bachelor’s degree in supply chain, business, or related field is preferred but not required. · Intermediate to advanced skills with Excel, PowerPoint and Outlook required. Preferred Qualifications: · 1-3 years experience in supply chain or service-related field preferred. · Must have strong organizational skills and be detail oriented. · Be able to effectively communicate and lead discussions with internal & external teams. · Power BI skills preferred. We follow a friendly hybrid model with three days a week in the office—great for collaboration and connection! We are an Equal Opportunity Employer and do not discriminate against any employee or applicant for employment because of race, color, sex, age, religion, sexual orientation, gender identity, national origin, status as a veteran, and basis of disability or any federal, state, or local protected class. Additional",include: · Manage daily backlog for in-warranty PC part orders. o Track incoming supply and manage ETAs to customers. o Find alternate sources of supply for hard to source parts. o Identify Incorrect part orders and provide the correct part to order o Highlight help needed parts and work with the Worldwide team to pull in orders with extended ETAs. o Respond to personal and group email box inquiries from the call centers and other internal customer regarding questions about backorders · Manage clean order activities to ensure timely parts order fulfillment. o Work with the 3PL to rectify any orders that did not flow correctly. o Work with the inventory team for any needed adjustments on discrepant material. Basic,candidate_raw,candidate_raw,,not_disclosed,,official_recruitment_portal,https://jobs.lenovo.com/en_US/careers/JobDetail/Order-Fulfillment-Professional/79544,2026-07-13T18:34:08.960682+00:00,,,,,,,,,,,,,,,,,https://jobs.lenovo.com/en_US/careers/JobDetail/Order-Fulfillment-Professional/79544
False,,联想集团有限公司,cn-tech-0063,联想集团有限公司,0.714,0.85,,,parsed_single_position_html,,,,Lenovo,Lenovo,,,e170bec9e837b67567232dfc,"Service Management Office (SMO – Delivery) is an integral component of our Digital Workplace Solutions (DWS) Delivery portfolio. From a delivery perspective, we are committed to providing exceptional professional service quality, aligned with contractual commitments and consistently delivering a high standard of Customer Experience (CX). Role DWS Delivery is seeking a results-driven professional with strong leadership capabilities, a proven track record in continuous process improvement, and extensive experience in delivery and vendor management. This role is pivotal to the successful execution of Lenovo’s delivery of professional services. The ideal candidate will oversee end-to-end service delivery, ensuring operational excellence, cost efficiency, and an outstanding customer experience across LATAM markets. Responsibilities Manage the Service Management Office (SMO), monitoring, controlling, and executing operations to consistently meet service levels, timelines, cost targets, and quality standards. Serve as the primary escalation point for customers during the delivery phase, ensuring timely communication and effective issue resolution. Collaborate with cross-functional teams—including presales, sales, engineering, logistics, and support—to ensure seamless service integration and execution. Coordinate with vendors throughout the delivery process, ensuring performance, compliance, and alignment with Lenovo’s service standards. Monitor and report on key performance indicators (KPIs) related service delivery and customer satisfaction. Lead and manage the existing team to ensure operational success. Oversee team expansion or reduction in response to market and customer demands. Drive continuous improvement initiatives to enhance service efficiency, scalability, cost-effectiveness, and overall customer experience. Including also land and expand. Ensure full compliance with contractual obligations and service-level agreements (SLAs). Qualifications Bachelor’s degree in Engineering, Business, Information Technology, Supply Chain, or a related field (Master’s degree preferred). Minimum of 5 years of experience in service delivery, operations, or project management, preferably within the IT or technology sector. In-depth knowledge of device lifecycle services and fulfillment operations. Strong expertise in time and motion studies, as well as continuous improvement methodologies such as Lean and Six Sigma. Demonstrated ability to lead complex projects and manage cross-functional teams in a global environment. Excellent communication, problem-solving, and customer relationship management skills. Familiarity with ITIL frameworks and best practices is a plus. Preferred Attributes Strong customer-centric mindset with a demonstrated commitment to delivering high-quality service and support. Analytical and solution-oriented, with a proactive approach to identifying challenges and implementing effective resolutions. Highly adaptable and comfortable working in fast-paced, dynamic environments with shifting priorities and tight deadlines. Exhibit a high level of emotional intelligence, including strong self-awareness, empathy, and interpersonal skills that foster effective collaboration, conflict resolution, and leadership. Proficiency in English (spoken and written) is required; additional language skills are a plus. Proficiency in Spanish or Portuguese is required; fluency in both is highly desirable. Additional","Manage the Service Management Office (SMO), monitoring, controlling, and executing operations to consistently meet service levels, timelines, cost targets, and quality standards. Serve as the primary escalation point for customers during the delivery phase, ensuring timely communication and effective issue resolution. Collaborate with cross-functional teams—including presales, sales, engineering, logistics, and support—to ensure seamless service integration and execution. Coordinate with vendors throughout the delivery process, ensuring performance, compliance, and alignment with Lenovo’s service standards. Monitor and report on key performance indicators (KPIs) related service delivery and customer satisfaction. Lead and manage the existing team to ensure operational success. Oversee team expansion or reduction in response to market and customer demands. Drive continuous improvement initiatives to enhance service efficiency, scalability, cost-effectiveness, and overall customer experience. Including also land and expand. Ensure full compliance with contractual obligations and service-level agreements (SLAs).",candidate_raw,candidate_raw,,not_disclosed,,official_recruitment_portal,https://jobs.lenovo.com/en_US/careers/JobDetail/LATAM-Delivery-Manager-SMO/79547,2026-07-13T18:34:09.610605+00:00,,,,,,,,,,,,,,,,,https://jobs.lenovo.com/en_US/careers/JobDetail/LATAM-Delivery-Manager-SMO/79547
